Workbook

Sheet README
A1: HGT Inventory Control System — How This Workbook Works
A2: Rebuilt from STOCK REPORT RECONCILED latest one.xlsx on the fixes identified in the stock report audit.
A4: What changed vs. the old file
A5: 1. One fixed layout for every week tab — same columns, same order, same header row, every time.
A6: 2. Opening stock for each week is a formula linking to the PRIOR week’s closing stock — never retyped.
A7: 3. Stock In Dodoma is now included in every closing-stock formula (it was silently dropped before).
A8: 4. No formulas were replaced with typed numbers — every closing/total cell recalculates.
A9: 5. Each SKU (Product + Pack Size + Type) has exactly one home row in every week, so nothing is split.
A10: 6. Any week where recorded sales/out exceed recorded stock now shows in the Stock Alert column instead of silently going negative.
A11: 7. Branch distribution (Dar / Dodoma / Iringa / Manyara: sent, sold, not sold) is tracked every week in its own block.
A13: Color legend
A14: Blue text = a manually entered number (opening baseline the week a product started, sales, stock in/out, sent/sold, remarks).
... A35: Row 201 totals imports by origin for the week. Duplicate this tab for future weeks so the columns carry forward.

Sheet Dashboard
A1: HGT Inventory Dashboard
A2: Live KPIs pulled from Master Products and each week tab. Recalculates automatically as you fill in new weeks.
A4: Total SKUs tracked | C4: =COUNTA('Master Products'!A5:A201) -> 197
A5: SKUs below reorder point | C5: =COUNTIF('Master Products'!G5:G201,"REORDER") -> 0
A6: SKUs with negative stock | C6: =COUNTIF('Master Products'!G5:G201,"NEGATIVE - CHECK ENTRIES") -> 0
A7: SKUs OK | C7: =COUNTIF('Master Products'!G5:G201,"OK") -> 0
A10: Total warehouse stock by week (Arusha + Moro + Dar)
A11: Week | B11: Total Closing Stock
A12: 26 june | B12: =SUM('26 june'!T3:V199) -> 12222
A13: 3-july2026 | B13: =SUM('3-july2026'!T3:V199) -> 11547
A14: 10-JULY2026 | B14: =SUM('10-JULY2026'!T3:V199) -> 11243
A15: 17-july2026 | B15: =SUM('17-july2026'!T3:V199) -> 10395
A16: 24-july-2026 | B16: =SUM('24-july-2026'!T3:V199) -> 22568
A17: 31-july-2026 | B17: =SUM('31-july-2026'!T3:V199) -> 19078
A18: 8-august-2026 | B18: =SUM('8-august-2026'!T3:V199) -> 18321
A19: 15-august-2026 | B19: =SUM('15-august-2026'!T3:V199) -> 16777
A20: 21-AUGUST-2026 | B20: =SUM('21-AUGUST-2026'!T3:V199) -> 15770
A21: 29-AUGUST-2026 | B21: =SUM('5-SEPTEMBER-2026'!Y3:Z198) -> 21401

Sheet Master Products
A1: Master Product List
A2: One row per SKU. Reorder Point is the only cell you edit here — everything else pulls live from the latest week tab.
A4: Product | B4: Pack Size | C4: Category | D4: Type | E4: Reorder Point (edit me) | F4: Current Stock (29-AUGUST-2026) | G4: Status | H4: Last Updated
A5: 30-WC773 | B5: 1000 | C5: SEED | D5: COMMERCIAL | F5: ='5-SEPTEMBER-2026'!Y3+'5-SEPTEMBER-2026'!Z3+'5-SEPTEMBER-2026'!#REF! -> #REF! | G5: =IF(F5<0,"NEGATIVE - CHECK ENTRIES",IF(AND(E5<>"",E5>0,F5<=E5),"REORDER","OK")) -> #REF! | H5: 29-AUGUST-2026
A6: Afadja | B6: 500 | C6: SEED | D6: CUSTOM&TRIAL | F6: ='5-SEPTEMBER-2026'!Y4+'5-SEPTEMBER-2026'!Z4+'5-SEPTEMBER-2026'!#REF! -> #REF! | G6: =IF(F6<0,"NEGATIVE - CHECK ENTRIES",IF(AND(E6<>"",E6>0,F6<=E6),"REORDER","OK")) -> #REF! | H6: 29-AUGUST-2026
A7: African eggplant BENUE F1 | B7: 100 | C7: SEED | D7: COMMERCIAL | F7: ='5-SEPTEMBER-2026'!Y5+'5-SEPTEMBER-2026'!Z5+'5-SEPTEMBER-2026'!#REF! -> #REF! | G7: =IF(F7<0,"NEGATIVE - CHECK ENTRIES",IF(AND(E7<>"",E7>0,F7<=E7),"REORDER","OK")) -> #REF! | H7: 29-AUGUST-2026
A8: African eggplant KAZINGA RZ F1 | B8: 100 | C8: SEED | D8: COMMERCIAL | F8: ='5-SEPTEMBER-2026'!Y6+'5-SEPTEMBER-2026'!Z6+'5-SEPTEMBER-2026'!#REF! -> #REF! | G8: =IF(F8<0,"NEGATIVE - CHECK ENTRIES",IF(AND(E8<>"",E8>0,F8<=E8),"REORDER","OK")) -> #REF! | H8: 29-AUGUST-2026
A9: African eggplant KERIO RZ F1 | B9: 100 | C9: SEED | D9: COMMERCIAL | F9: ='5-SEPTEMBER-2026'!Y7+'5-SEPTEMBER-2026'!Z7+'5-SEPTEMBER-2026'!#REF! -> #REF! | G9: =IF(F9<0,"NEGATIVE - CHECK ENTRIES",IF(AND(E9<>"",E9>0,F9<=E9),"REORDER","OK")) -> #REF! | H9: 29-AUGUST-2026
A10: African eggplant LIMPOPO RZ F3 | B10: 100 | C10: SEED | D10: COMMERCIAL | F10: ='5-SEPTEMBER-2026'!Y8+'5-SEPTEMBER-2026'!Z8+'5-SEPTEMBER-2026'!#REF! -> #REF! | G10: =IF(F10<0,"NEGATIVE - CHECK ENTRIES",IF(AND(E10<>"",E10>0,F10<=E10),"REORDER","OK")) -> #REF! | H10: 29-AUGUST-2026
A11: African hot pepper AFADJA RZ F7 | B11: 100 | C11: SEED | D11: COMMERCIAL | F11: ='5-SEPTEMBER-2026'!Y9+'5-SEPTEMBER-2026'!Z9+'5-SEPTEMBER-2026'!#REF! -> #REF! | G11: =IF(F11<0,"NEGATIVE - CHECK ENTRIES",IF(AND(E11<>"",E11>0,F11<=E11),"REORDER","OK")) -> #REF! | H11: 29-AUGUST-2026
A12: African hot pepper AFADJA RZ F7 | B12: 500 | C12: SEED | D12: COMMERCIAL | F12: ='5-SEPTEMBER-2026'!Y10+'5-SEPTEMBER-2026'!Z10+'5-SEPTEMBER-2026'!#REF! -> #REF! | G12: =IF(F12<0,"NEGATIVE - CHECK ENTRIES",IF(AND(E12<>"",E12>0,F12<=E12),"REORDER","OK")) -> #REF! | H12: 29-AUGUST-2026
A13: African hot pepper LENGAI RZ F2 | B13: 100 | C13: SEED | D13: COMMERCIAL | F13: ='5-SEPTEMBER-2026'!Y11+'5-SEPTEMBER-2026'!Z11+'5-SEPTEMBER-2026'!#REF! -> #REF! | G13: =IF(F13<0,"NEGATIVE - CHECK ENTRIES",IF(AND(E13<>"",E13>0,F13<=E13),"REORDER","OK")) -> #REF! | H13: 29-AUGUST-2026
A14: African hot pepper LENGAI RZ F3 | B14: 500 | C14: SEED | D14: COMMERCIAL | F14: ='5-SEPTEMBER-2026'!Y12+'5-SEPTEMBER-2026'!Z12+'5-SEPTEMBER-2026'!#REF! -> #REF! | G14: =IF(F14<0,"NEGATIVE - CHECK ENTRIES",IF(AND(E14<>"",E14>0,F14<=E14),"REORDER","OK")) -> #REF! | H14: 29-AUGUST-2026
A15: African Hot Pepper Loleza RZ | B15: 100 | C15: SEED | D15: COMMERCIAL | F15: ='5-SEPTEMBER-2026'!Y13+'5-SEPTEMBER-2026'!Z13+'5-SEPTEMBER-2026'!#REF! -> #REF! | G15: =IF(F15<0,"NEGATIVE - CHECK ENTRIES",IF(AND(E15<>"",E15>0,F15<=E15),"REORDER","OK")) -> #REF! | H15: 29-AUGUST-2026
A16: African Hot Pepper Loleza RZ | B16: 500 | C16: SEED | D16: COMMERCIAL | F16: ='5-SEPTEMBER-2026'!Y14+'5-SEPTEMBER-2026'!Z14+'5-SEPTEMBER-2026'!#REF! -> #REF! | G16: =IF(F16<0,"NEGATIVE - CHECK ENTRIES",IF(AND(E16<>"",E16>0,F16<=E16),"REORDER","OK")) -> #REF! | H16: 29-AUGUST-2026
... A38: Blanched celery KYLIAN RZ | B38: 1000 | C38: SEED | D38: COMMERCIAL | F38: ='5-SEPTEMBER-2026'!Y36+'5-SEPTEMBER-2026'!Z36+'5-SEPTEMBER-2026'!#REF! -> #REF! | G38: =IF(F38<0,"NEGATIVE - CHECK ENTRIES",IF(AND(E38<>"",E38>0,F38<=E38),"REORDER","OK")) -> #REF! | H38: 29-AUGUST-2026
A39: Boelli | B39: 1000 | C39: SEED | D39: MASIFIO CUSTOM | F39: ='5-SEPTEMBER-2026'!Y38+'5-SEPTEMBER-2026'!Z38+'5-SEPTEMBER-2026'!#REF! -> #REF! | G39: =IF(F39<0,"NEGATIVE - CHECK ENTRIES",IF(AND(E39<>"",E39>0,F39<=E39),"REORDER","OK")) -> #REF! | H39: 29-AUGUST-2026
A40: Bologna | B40: 100 | C40: SEED | D40: CUSTOM&TRIAL | F40: ='5-SEPTEMBER-2026'!Y39+'5-SEPTEMBER-2026'!Z39+'5-SEPTEMBER-2026'!#REF! -> #REF! | G40: =IF(F40<0,"NEGATIVE - CHECK ENTRIES",IF(AND(E40<>"",E40>0,F40<=E40),"REORDER","OK")) -> #REF! | H40: 29-AUGUST-2026
A41: Bottas | B41: 100000 | C41: SEED | D41: MASIFIO CUSTOM | F41: ='5-SEPTEMBER-2026'!Y40+'5-SEPTEMBER-2026'!Z40+'5-SEPTEMBER-2026'!#REF! -> #REF! | G41: =IF(F41<0,"NEGATIVE - CHECK ENTRIES",IF(AND(E41<>"",E41>0,F41<=E41),"REORDER","OK")) -> #REF! | H41: 29-AUGUST-2026
A42: Bourdais | B42: 100000 | C42: SEED | D42: MASIFIO CUSTOM | F42: ='5-SEPTEMBER-2026'!Y41+'5-SEPTEMBER-2026'!Z41+'5-SEPTEMBER-2026'!#REF! -> #REF! | G42: =IF(F42<0,"NEGATIVE - CHECK ENTRIES",IF(AND(E42<>"",E42>0,F42<=E42),"REORDER","OK")) -> #REF! | H42: 29-AUGUST-2026
A43: Bravura | B43: 100 | C43: SEED | D43: COMMERCIAL | F43: ='5-SEPTEMBER-2026'!Y42+'5-SEPTEMBER-2026'!Z42+'5-SEPTEMBER-2026'!#REF! -> #REF! | G43: =IF(F43<0,"NEGATIVE - CHECK ENTRIES",IF(AND(E43<>"",E43>0,F43<=E43),"REORDER","OK")) -> #REF! | H43: 29-AUGUST-2026
A44: Brigitte | B44: 100 | C44: SEED | D44: CUSTOM&TRIAL | F44: ='5-SEPTEMBER-2026'!Y43+'5-SEPTEMBER-2026'!Z43+'5-SEPTEMBER-2026'!#REF! -> #REF! | G44: =IF(F44<0,"NEGATIVE - CHECK ENTRIES",IF(AND(E44<>"",E44>0,F44<=E44),"REORDER","OK")) -> #REF! | H44: 29-AUGUST-2026
A45: Broccoli TAHOE RZ F3 | B45: 1000 | C45: SEED | D45: COMMERCIAL | F45: ='5-SEPTEMBER-2026'!Y44+'5-SEPTEMBER-2026'!Z44+'5-SEPTEMBER-2026'!#REF! -> #REF! | G45: =IF(F45<0,"NEGATIVE - CHECK ENTRIES",IF(AND(E45<>"",E45>0,F45<=E45),"REORDER","OK")) -> #REF! | H45: 29-AUGUST-2026
A46: Calazina | B46: 100 | C46: SEED | D46: MASIFIO CUSTOM | F46: ='5-SEPTEMBER-2026'!Y45+'5-SEPTEMBER-2026'!Z45+'5-SEPTEMBER-2026'!#REF! -> #REF! | G46: =IF(F46<0,"NEGATIVE - CHECK ENTRIES",IF(AND(E46<>"",E46>0,F46<=E46),"REORDER","OK")) -> #REF! | H46: 29-AUGUST-2026
A47: Cantrell | B47: 100000 | C47: SEED | D47: MASIFIO CUSTOM | F47: ='5-SEPTEMBER-2026'!Y46+'5-SEPTEMBER-2026'!Z46+'5-SEPTEMBER-2026'!#REF! -> #REF! | G47: =IF(F47<0,"NEGATIVE - CHECK ENTRIES",IF(AND(E47<>"",E47>0,F47<=E47),"REORDER","OK")) -> #REF! | H47: 29-AUGUST-2026
A48: Caribbean Gold | B48: 100 | C48: SEED | D48: COMMERCIAL | F48: ='5-SEPTEMBER-2026'!Y47+'5-SEPTEMBER-2026'!Z47+'5-SEPTEMBER-2026'!#REF! -> #REF! | G48: =IF(F48<0,"NEGATIVE - CHECK ENTRIES",IF(AND(E48<>"",E48>0,F48<=E48),"REORDER","OK")) -> #REF! | H48: 29-AUGUST-2026
A49: Caribbean Gold | B49: 100 | C49: SEED | D49: CUSTOM&TRIAL | F49: ='5-SEPTEMBER-2026'!Y48+'5-SEPTEMBER-2026'!Z48+'5-SEPTEMBER-2026'!#REF! -> #REF! | G49: =IF(F49<0,"NEGATIVE - CHECK ENTRIES",IF(AND(E49<>"",E49>0,F49<=E49),"REORDER","OK")) -> #REF! | H49: 29-AUGUST-2026
A50: Caribbean king | B50: 100 | C50: SEED | D50: CUSTOM&TRIAL | F50: ='5-SEPTEMBER-2026'!Y49+'5-SEPTEMBER-2026'!Z49+'5-SEPTEMBER-2026'!#REF! -> #REF! | G50: =IF(F50<0,"NEGATIVE - CHECK ENTRIES",IF(AND(E50<>"",E50>0,F50<=E50),"REORDER","OK")) -> #REF! | H50: 29-AUGUST-2026
A51: Cartegeneous | B51: 1000 | D51: COMMERCIAL | F51: ='5-SEPTEMBER-2026'!Y50+'5-SEPTEMBER-2026'!Z50+'5-SEPTEMBER-2026'!#REF! -> #REF! | G51: =IF(F51<0,"NEGATIVE - CHECK ENTRIES",IF(AND(E51<>"",E51>0,F51<=E51),"REORDER","OK")) -> #REF! | H51: 29-AUGUST-2026
A52: Cauliflower CASPER RZ F1 | B52: 1000 | C52: SEED | D52: COMMERCIAL | F52: ='5-SEPTEMBER-2026'!Y51+'5-SEPTEMBER-2026'!Z51+'5-SEPTEMBER-2026'!#REF! -> #REF! | G52: =IF(F52<0,"NEGATIVE - CHECK ENTRIES",IF(AND(E52<>"",E52>0,F52<=E52),"REORDER","OK")) -> #REF! | H52: 29-AUGUST-2026
A53: Cauliflower CASPER RZ F4 | B53: 1000 | C53: SEED | D53: COMMERCIAL | F53: ='5-SEPTEMBER-2026'!Y52+'5-SEPTEMBER-2026'!Z52+'5-SEPTEMBER-2026'!#REF! -> #REF! | G53: =IF(F53<0,"NEGATIVE - CHECK ENTRIES",IF(AND(E53<>"",E53>0,F53<=E53),"REORDER","OK")) -> #REF! | H53: 29-AUGUST-2026
A54: Cauliflower MONEERA RZ F4 | B54: 1000 | C54: SEED | D54: COMMERCIAL | F54: ='5-SEPTEMBER-2026'!Y53+'5-SEPTEMBER-2026'!Z53+'5-SEPTEMBER-2026'!#REF! -> #REF! | G54: =IF(F54<0,"NEGATIVE - CHECK ENTRIES",IF(AND(E54<>"",E54>0,F54<=E54),"REORDER","OK")) -> #REF! | H54: 29-AUGUST-2026
A55: Chromis | B55: 100 | C55: SEED | D55: MASIFIO CUSTOM | F55: ='5-SEPTEMBER-2026'!Y54+'5-SEPTEMBER-2026'!Z54+'5-SEPTEMBER-2026'!#REF! -> #REF! | G55: =IF(F55<0,"NEGATIVE - CHECK ENTRIES",IF(AND(E55<>"",E55>0,F55<=E55),"REORDER","OK")) -> #REF! | H55: 29-AUGUST-2026
A56: Codex | B56: 1000 | C56: SEED | D56: MASIFIO CUSTOM | F56: ='5-SEPTEMBER-2026'!Y55+'5-SEPTEMBER-2026'!Z55+'5-SEPTEMBER-2026'!#REF! -> #REF! | G56: =IF(F56<0,"NEGATIVE - CHECK ENTRIES",IF(AND(E56<>"",E56>0,F56<=E56),"REORDER","OK")) -> #REF! | H56: 29-AUGUST-2026
A57: concorde | B57: 5000 | C57: SEED | D57: CUSTOM&TRIAL | F57: ='5-SEPTEMBER-2026'!Y56+'5-SEPTEMBER-2026'!Z56+'5-SEPTEMBER-2026'!#REF! -> #REF! | G57: =IF(F57<0,"NEGATIVE - CHECK ENTRIES",IF(AND(E57<>"",E57>0,F57<=E57),"REORDER","OK")) -> #REF! | H57: 29-AUGUST-2026
A58: cook | B58: 1000 | C58: SEED | D58: MASIFIO CUSTOM | F58: ='5-SEPTEMBER-2026'!Y57+'5-SEPTEMBER-2026'!Z57+'5-SEPTEMBER-2026'!#REF! -> #REF! | G58: =IF(F58<0,"NEGATIVE - CHECK ENTRIES",IF(AND(E58<>"",E58>0,F58<=E58),"REORDER","OK")) -> #REF! | H58: 29-AUGUST-2026
A59: Cos lettuce MAXIMUS RZ | B59: 1000 | C59: SEED | D59: COMMERCIAL | F59: ='5-SEPTEMBER-2026'!Y58+'5-SEPTEMBER-2026'!Z58+'5-SEPTEMBER-2026'!#REF! -> #REF! | G59: =IF(F59<0,"NEGATIVE - CHECK ENTRIES",IF(AND(E59<>"",E59>0,F59<=E59),"REORDER","OK")) -> #REF! | H59: 29-AUGUST-2026
A60: Coulthard | B60: 100000 | C60: SEED | D60: MASIFIO CUSTOM | F60: ='5-SEPTEMBER-2026'!Y59+'5-SEPTEMBER-2026'!Z59+'5-SEPTEMBER-2026'!#REF! -> #REF! | G60: =IF(F60<0,"NEGATIVE - CHECK ENTRIES",IF(AND(E60<>"",E60>0,F60<=E60),"REORDER","OK")) -> #REF! | H60: 29-AUGUST-2026
A61: Cucumber LARINO RZ F1 | B61: 100 | C61: SEED | D61: COMMERCIAL | F61: ='5-SEPTEMBER-2026'!Y60+'5-SEPTEMBER-2026'!Z60+'5-SEPTEMBER-2026'!#REF! -> #REF! | G61: =IF(F61<0,"NEGATIVE - CHECK ENTRIES",IF(AND(E61<>"",E61>0,F61<=E61),"REORDER","OK")) -> #REF! | H61: 29-AUGUST-2026
A62: Daywalt | B62: 100000 | C62: SEED | D62: MASIFIO CUSTOM | F62: ='5-SEPTEMBER-2026'!Y61+'5-SEPTEMBER-2026'!Z61+'5-SEPTEMBER-2026'!#REF! -> #REF! | G62: =IF(F62<0,"NEGATIVE - CHECK ENTRIES",IF(AND(E62<>"",E62>0,F62<=E62),"REORDER","OK")) -> #REF! | H62: 29-AUGUST-2026
A63: Diapson | B63: 100 | C63: SEED | D63: MASIFIO CUSTOM | F63: ='5-SEPTEMBER-2026'!Y62+'5-SEPTEMBER-2026'!Z62+'5-SEPTEMBER-2026'!#REF! -> #REF! | G63: =IF(F63<0,"NEGATIVE - CHECK ENTRIES",IF(AND(E63<>"",E63>0,F63<=E63),"REORDER","OK")) -> #REF! | H63: 29-AUGUST-2026
... A76: grecale | B76: 1000 | C76: SEED | D76: MASIFIO CUSTOM | F76: ='5-SEPTEMBER-2026'!Y75+'5-SEPTEMBER-2026'!Z75+'5-SEPTEMBER-2026'!#REF! -> #REF! | G76: =IF(F76<0,"NEGATIVE - CHECK ENTRIES",IF(AND(E76<>"",E76>0,F76<=E76),"REORDER","OK")) -> #REF! | H76: 29-AUGUST-2026
A77: GREEN HOUSE | B77: NOT COMPLETE | C77: GREEN HOUSE | D77: COMMERCIAL | F77: ='5-SEPTEMBER-2026'!Y76+'5-SEPTEMBER-2026'!Z76+'5-SEPTEMBER-2026'!#REF! -> #REF! | G77: =IF(F77<0,"NEGATIVE - CHECK ENTRIES",IF(AND(E77<>"",E77>0,F77<=E77),"REORDER","OK")) -> #REF! | H77: 29-AUGUST-2026
A78: Hazleton | B78: 1000 | C78: SEED | D78: MASIFIO CUSTOM | F78: ='5-SEPTEMBER-2026'!Y77+'5-SEPTEMBER-2026'!Z77+'5-SEPTEMBER-2026'!#REF! -> #REF! | G78: =IF(F78<0,"NEGATIVE - CHECK ENTRIES",IF(AND(E78<>"",E78>0,F78<=E78),"REORDER","OK")) -> #REF! | H78: 29-AUGUST-2026
A79: Hilbert | B79: 1000 | C79: SEED | D79: MASIFIO CUSTOM | F79: ='5-SEPTEMBER-2026'!Y78+'5-SEPTEMBER-2026'!Z78+'5-SEPTEMBER-2026'!#REF! -> #REF! | G79: =IF(F79<0,"NEGATIVE - CHECK ENTRIES",IF(AND(E79<>"",E79>0,F79<=E79),"REORDER","OK")) -> #REF! | H79: 29-AUGUST-2026
A80: Horiver Blue | B80: 0 | C80: IPM | D80: COMMERCIAL | F80: ='5-SEPTEMBER-2026'!Y79+'5-SEPTEMBER-2026'!Z79+'5-SEPTEMBER-2026'!#REF! -> #REF! | G80: =IF(F80<0,"NEGATIVE - CHECK ENTRIES",IF(AND(E80<>"",E80>0,F80<=E80),"REORDER","OK")) -> #REF! | H80: 29-AUGUST-2026
A81: Horiver Yellow | B81: 0 | C81: IPM | D81: COMMERCIAL | F81: ='5-SEPTEMBER-2026'!Y80+'5-SEPTEMBER-2026'!Z80+'5-SEPTEMBER-2026'!#REF! -> #REF! | G81: =IF(F81<0,"NEGATIVE - CHECK ENTRIES",IF(AND(E81<>"",E81>0,F81<=E81),"REORDER","OK")) -> #REF! | H81: 29-AUGUST-2026
A82: Hot pepper HABIB RZ F1 | B82: 100 | C82: SEED | D82: COMMERCIAL | F82: ='5-SEPTEMBER-2026'!Y81+'5-SEPTEMBER-2026'!Z81+'5-SEPTEMBER-2026'!#REF! -> #REF! | G82: =IF(F82<0,"NEGATIVE - CHECK ENTRIES",IF(AND(E82<>"",E82>0,F82<=E82),"REORDER","OK")) -> #REF! | H82: 29-AUGUST-2026
A83: Hot pepper MEXTIZO RZ F3 | B83: 500 | C83: SEED | D83: COMMERCIAL | F83: ='5-SEPTEMBER-2026'!Y82+'5-SEPTEMBER-2026'!Z82+'5-SEPTEMBER-2026'!#REF! -> #REF! | G83: =IF(F83<0,"NEGATIVE - CHECK ENTRIES",IF(AND(E83<>"",E83>0,F83<=E83),"REORDER","OK")) -> #REF! | H83: 29-AUGUST-2026
A84: Hot pepper MEXTIZO RZ F4 | B84: 100 | C84: SEED | D84: COMMERCIAL | F84: ='5-SEPTEMBER-2026'!Y83+'5-SEPTEMBER-2026'!Z83+'5-SEPTEMBER-2026'!#REF! -> #REF! | G84: =IF(F84<0,"NEGATIVE - CHECK ENTRIES",IF(AND(E84<>"",E84>0,F84<=E84),"REORDER","OK")) -> #REF! | H84: 29-AUGUST-2026
A85: Iceberg lettuce Bruma RZ | B85: 1000 | C85: SEED | D85: COMMERCIAL | F85: ='5-SEPTEMBER-2026'!Y84+'5-SEPTEMBER-2026'!Z84+'5-SEPTEMBER-2026'!#REF! -> #REF! | G85: =IF(F85<0,"NEGATIVE - CHECK ENTRIES",IF(AND(E85<>"",E85>0,F85<=E85),"REORDER","OK")) -> #REF! | H85: 29-AUGUST-2026
A86: Ilanga | B86: 100 | C86: SEED | D86: CUSTOM&TRIAL | F86: ='5-SEPTEMBER-2026'!Y85+'5-SEPTEMBER-2026'!Z85+'5-SEPTEMBER-2026'!#REF! -> #REF! | G86: =IF(F86<0,"NEGATIVE - CHECK ENTRIES",IF(AND(E86<>"",E86>0,F86<=E86),"REORDER","OK")) -> #REF! | H86: 29-AUGUST-2026
A87: Jarrah | B87: 100 | C87: SEED | D87: CUSTOM&TRIAL | F87: ='5-SEPTEMBER-2026'!Y86+'5-SEPTEMBER-2026'!Z86+'5-SEPTEMBER-2026'!#REF! -> #REF! | G87: =IF(F87<0,"NEGATIVE - CHECK ENTRIES",IF(AND(E87<>"",E87>0,F87<=E87),"REORDER","OK")) -> #REF! | H87: 29-AUGUST-2026
A88: Jarrah | B88: 1000 | C88: SEED | D88: CUSTOM&TRIAL | F88: ='5-SEPTEMBER-2026'!Y87+'5-SEPTEMBER-2026'!Z87+'5-SEPTEMBER-2026'!#REF! -> #REF! | G88: =IF(F88<0,"NEGATIVE - CHECK ENTRIES",IF(AND(E88<>"",E88>0,F88<=E88),"REORDER","OK")) -> #REF! | H88: 29-AUGUST-2026
A89: Jerada | B89: 100000 | C89: SEED | D89: MASIFIO CUSTOM | F89: ='5-SEPTEMBER-2026'!Y88+'5-SEPTEMBER-2026'!Z88+'5-SEPTEMBER-2026'!#REF! -> #REF! | G89: =IF(F89<0,"NEGATIVE - CHECK ENTRIES",IF(AND(E89<>"",E89>0,F89<=E89),"REORDER","OK")) -> #REF! | H89: 29-AUGUST-2026
... A96: kristine | B96: 1000 | C96: SEED | D96: CUSTOM&TRIAL | F96: ='5-SEPTEMBER-2026'!Y95+'5-SEPTEMBER-2026'!Z95+'5-SEPTEMBER-2026'!#REF! -> #REF! | G96: =IF(F96<0,"NEGATIVE - CHECK ENTRIES",IF(AND(E96<>"",E96>0,F96<=E96),"REORDER","OK")) -> #REF! | H96: 29-AUGUST-2026
A97: lalique | B97: 1000 | C97: SEED | D97: MASIFIO CUSTOM | F97: ='5-SEPTEMBER-2026'!#REF!+'5-SEPTEMBER-2026'!#REF!+'5-SEPTEMBER-2026'!#REF! -> #REF! | G97: =IF(F97<0,"NEGATIVE - CHECK ENTRIES",IF(AND(E97<>"",E97>0,F97<=E97),"REORDER","OK")) -> #REF! | H97: 29-AUGUST-2026
A98: Larsson | B98: 1000 | C98: SEED | D98: MASIFIO CUSTOM | F98: ='5-SEPTEMBER-2026'!Y96+'5-SEPTEMBER-2026'!Z96+'5-SEPTEMBER-2026'!#REF! -> #REF! | G98: =IF(F98<0,"NEGATIVE - CHECK ENTRIES",IF(AND(E98<>"",E98>0,F98<=E98),"REORDER","OK")) -> #REF! | H98: 29-AUGUST-2026
A99: Lavender | B99: 1000 | C99: SEED | D99: MASIFIO CUSTOM | F99: ='5-SEPTEMBER-2026'!Y97+'5-SEPTEMBER-2026'!Z97+'5-SEPTEMBER-2026'!#REF! -> #REF! | G99: =IF(F99<0,"NEGATIVE - CHECK ENTRIES",IF(AND(E99<>"",E99>0,F99<=E99),"REORDER","OK")) -> #REF! | H99: 29-AUGUST-2026
A100: Leaf lettuce CONCORDE RZ | B100: 1000 | C100: SEED | D100: COMMERCIAL | F100: ='5-SEPTEMBER-2026'!Y98+'5-SEPTEMBER-2026'!Z98+'5-SEPTEMBER-2026'!#REF! -> #REF! | G100: =IF(F100<0,"NEGATIVE - CHECK ENTRIES",IF(AND(E100<>"",E100>0,F100<=E100),"REORDER","OK")) -> #REF! | H100: 29-AUGUST-2026
A101: leirre | B101: 100 | C101: SEED | D101: CUSTOM&TRIAL | F101: ='5-SEPTEMBER-2026'!Y99+'5-SEPTEMBER-2026'!Z99+'5-SEPTEMBER-2026'!#REF! -> #REF! | G101: =IF(F101<0,"NEGATIVE - CHECK ENTRIES",IF(AND(E101<>"",E101>0,F101<=E101),"REORDER","OK")) -> #REF! | H101: 29-AUGUST-2026
A102: LENARA | B102: 250 | C102: SEED | D102: COMMERCIAL | F102: ='5-SEPTEMBER-2026'!Y100+'5-SEPTEMBER-2026'!Z100+'5-SEPTEMBER-2026'!#REF! -> #REF! | G102: =IF(F102<0,"NEGATIVE - CHECK ENTRIES",IF(AND(E102<>"",E102>0,F102<=E102),"REORDER","OK")) -> #REF! | H102: 29-AUGUST-2026
A103: libero | B103: 10000 | C103: SEED | D103: MASIFIO CUSTOM | F103: ='5-SEPTEMBER-2026'!#REF!+'5-SEPTEMBER-2026'!#REF!+'5-SEPTEMBER-2026'!#REF! -> #REF! | G103: =IF(F103<0,"NEGATIVE - CHECK ENTRIES",IF(AND(E103<>"",E103>0,F103<=E103),"REORDER","OK")) -> #REF! | H103: 29-AUGUST-2026
A104: Ligier | B104: 100000 | C104: SEED | D104: MASIFIO CUSTOM | F104: ='5-SEPTEMBER-2026'!Y101+'5-SEPTEMBER-2026'!Z101+'5-SEPTEMBER-2026'!#REF! -> #REF! | G104: =IF(F104<0,"NEGATIVE - CHECK ENTRIES",IF(AND(E104<>"",E104>0,F104<=E104),"REORDER","OK")) -> #REF! | H104: 29-AUGUST-2026
A105: Limpopo | B105: 500 | C105: SEED | D105: CUSTOM&TRIAL | F105: ='5-SEPTEMBER-2026'!Y102+'5-SEPTEMBER-2026'!Z102+'5-SEPTEMBER-2026'!#REF! -> #REF! | G105: =IF(F105<0,"NEGATIVE - CHECK ENTRIES",IF(AND(E105<>"",E105>0,F105<=E105),"REORDER","OK")) -> #REF! | H105: 29-AUGUST-2026
A106: Litoral | B106: 100 | C106: SEED | D106: MASIFIO CUSTOM | F106: ='5-SEPTEMBER-2026'!Y103+'5-SEPTEMBER-2026'!Z103+'5-SEPTEMBER-2026'!#REF! -> #REF! | G106: =IF(F106<0,"NEGATIVE - CHECK ENTRIES",IF(AND(E106<>"",E106>0,F106<=E106),"REORDER","OK")) -> #REF! | H106: 29-AUGUST-2026
A107: Long cucumber BOLOGNA RZ F1 | B107: 100 | C107: SEED | D107: COMMERCIAL | F107: ='5-SEPTEMBER-2026'!Y104+'5-SEPTEMBER-2026'!Z104+'5-SEPTEMBER-2026'!#REF! -> #REF! | G107: =IF(F107<0,"NEGATIVE - CHECK ENTRIES",IF(AND(E107<>"",E107>0,F107<=E107),"REORDER","OK")) -> #REF! | H107: 29-AUGUST-2026
A108: Maggino | B108: 100 | C108: SEED | D108: MASIFIO CUSTOM | F108: ='5-SEPTEMBER-2026'!Y105+'5-SEPTEMBER-2026'!Z105+'5-SEPTEMBER-2026'!#REF! -> #REF! | G108: =IF(F108<0,"NEGATIVE - CHECK ENTRIES",IF(AND(E108<>"",E108>0,F108<=E108),"REORDER","OK")) -> #REF! | H108: 29-AUGUST-2026
A109: Matejko | B109: 2500 | C109: SEED | D109: MASIFIO CUSTOM | F109: ='5-SEPTEMBER-2026'!Y106+'5-SEPTEMBER-2026'!Z106+'5-SEPTEMBER-2026'!#REF! -> #REF! | G109: =IF(F109<0,"NEGATIVE - CHECK ENTRIES",IF(AND(E109<>"",E109>0,F109<=E109),"REORDER","OK")) -> #REF! | H109: 29-AUGUST-2026
A110: Mawenzili | B110: 100 | C110: SEED | D110: CUSTOM&TRIAL | F110: ='5-SEPTEMBER-2026'!Y107+'5-SEPTEMBER-2026'!Z107+'5-SEPTEMBER-2026'!#REF! -> #REF! | G110: =IF(F110<0,"NEGATIVE - CHECK ENTRIES",IF(AND(E110<>"",E110>0,F110<=E110),"REORDER","OK")) -> #REF! | H110: 29-AUGUST-2026
A111: Melon ALPES RZ F1 | B111: 100 | C111: SEED | D111: COMMERCIAL | F111: ='5-SEPTEMBER-2026'!Y108+'5-SEPTEMBER-2026'!Z108+'5-SEPTEMBER-2026'!#REF! -> #REF! | G111: =IF(F111<0,"NEGATIVE - CHECK ENTRIES",IF(AND(E111<>"",E111>0,F111<=E111),"REORDER","OK")) -> #REF! | H111: 29-AUGUST-2026
A112: Melon CARIBBEAN GOLD RZ F6 | B112: 100 | C112: SEED | D112: COMMERCIAL | F112: ='5-SEPTEMBER-2026'!Y109+'5-SEPTEMBER-2026'!Z109+'5-SEPTEMBER-2026'!#REF! -> #REF! | G112: =IF(F112<0,"NEGATIVE - CHECK ENTRIES",IF(AND(E112<>"",E112>0,F112<=E112),"REORDER","OK")) -> #REF! | H112: 29-AUGUST-2026
A113: Melon CARIBBEAN KING RZ F2 | B113: 100 | C113: SEED | D113: COMMERCIAL | F113: ='5-SEPTEMBER-2026'!Y110+'5-SEPTEMBER-2026'!Z110+'5-SEPTEMBER-2026'!#REF! -> #REF! | G113: =IF(F113<0,"NEGATIVE - CHECK ENTRIES",IF(AND(E113<>"",E113>0,F113<=E113),"REORDER","OK")) -> #REF! | H113: 29-AUGUST-2026
A114: Melon GLADIAL RZ F1 | B114: 100 | C114: SEED | D114: COMMERCIAL | F114: ='5-SEPTEMBER-2026'!Y111+'5-SEPTEMBER-2026'!Z111+'5-SEPTEMBER-2026'!#REF! -> #REF! | G114: =IF(F114<0,"NEGATIVE - CHECK ENTRIES",IF(AND(E114<>"",E114>0,F114<=E114),"REORDER","OK")) -> #REF! | H114: 29-AUGUST-2026
A115: Melon GLADIAL RZ F16 | B115: 1000 | C115: SEED | D115: COMMERCIAL | F115: ='5-SEPTEMBER-2026'!Y112+'5-SEPTEMBER-2026'!Z112+'5-SEPTEMBER-2026'!#REF! -> #REF! | G115: =IF(F115<0,"NEGATIVE - CHECK ENTRIES",IF(AND(E115<>"",E115>0,F115<=E115),"REORDER","OK")) -> #REF! | H115: 29-AUGUST-2026
... A129: Pasarella | B129: 100 | C129: SEED | D129: CUSTOM&TRIAL | F129: ='5-SEPTEMBER-2026'!Y126+'5-SEPTEMBER-2026'!Z126+'5-SEPTEMBER-2026'!#REF! -> #REF! | G129: =IF(F129<0,"NEGATIVE - CHECK ENTRIES",IF(AND(E129<>"",E129>0,F129<=E129),"REORDER","OK")) -> #REF! | H129: 29-AUGUST-2026
A130: PEATMOSS | B130: 45KG | C130: PEAT | D130: COMMERCIAL | F130: ='5-SEPTEMBER-2026'!Y127+'5-SEPTEMBER-2026'!Z127+'5-SEPTEMBER-2026'!#REF! -> #REF! | G130: =IF(F130<0,"NEGATIVE - CHECK ENTRIES",IF(AND(E130<>"",E130>0,F130<=E130),"REORDER","OK")) -> #REF! | H130: 29-AUGUST-2026
A131: Piccolima | B131: 2500 | C131: SEED | D131: MASIFIO CUSTOM | F131: ='5-SEPTEMBER-2026'!Y128+'5-SEPTEMBER-2026'!Z128+'5-SEPTEMBER-2026'!#REF! -> #REF! | G131: =IF(F131<0,"NEGATIVE - CHECK ENTRIES",IF(AND(E131<>"",E131>0,F131<=E131),"REORDER","OK")) -> #REF! | H131: 29-AUGUST-2026
A132: Ponderet | B132: 1000 | C132: SEED | D132: MASIFIO CUSTOM | F132: ='5-SEPTEMBER-2026'!Y129+'5-SEPTEMBER-2026'!Z129+'5-SEPTEMBER-2026'!#REF! -> #REF! | G132: =IF(F132<0,"NEGATIVE - CHECK ENTRIES",IF(AND(E132<>"",E132>0,F132<=E132),"REORDER","OK")) -> #REF! | H132: 29-AUGUST-2026
A133: Primarino | B133: 100 | C133: SEED | D133: CUSTOM&TRIAL | F133: ='5-SEPTEMBER-2026'!Y130+'5-SEPTEMBER-2026'!Z130+'5-SEPTEMBER-2026'!#REF! -> #REF! | G133: =IF(F133<0,"NEGATIVE - CHECK ENTRIES",IF(AND(E133<>"",E133>0,F133<=E133),"REORDER","OK")) -> #REF! | H133: 29-AUGUST-2026
A134: Puntoverde | B134: 1000 | C134: SEED | D134: MASIFIO CUSTOM | F134: ='5-SEPTEMBER-2026'!Y131+'5-SEPTEMBER-2026'!Z131+'5-SEPTEMBER-2026'!#REF! -> #REF! | G134: =IF(F134<0,"NEGATIVE - CHECK ENTRIES",IF(AND(E134<>"",E134>0,F134<=E134),"REORDER","OK")) -> #REF! | H134: 29-AUGUST-2026
A135: Rasbora | B135: 100 | C135: SEED | D135: MASIFIO CUSTOM | F135: ='5-SEPTEMBER-2026'!Y132+'5-SEPTEMBER-2026'!Z132+'5-SEPTEMBER-2026'!#REF! -> #REF! | G135: =IF(F135<0,"NEGATIVE - CHECK ENTRIES",IF(AND(E135<>"",E135>0,F135<=E135),"REORDER","OK")) -> #REF! | H135: 29-AUGUST-2026
A136: Red cabbage - redma | B136: 1000 | C136: SEED | D136: COMMERCIAL | F136: ='5-SEPTEMBER-2026'!Y133+'5-SEPTEMBER-2026'!Z133+'5-SEPTEMBER-2026'!#REF! -> #REF! | G136: =IF(F136<0,"NEGATIVE - CHECK ENTRIES",IF(AND(E136<>"",E136>0,F136<=E136),"REORDER","OK")) -> #REF! | H136: 29-AUGUST-2026
A137: Red Tatin | B137: 100 | C137: SEED | D137: MASIFIO CUSTOM | F137: ='5-SEPTEMBER-2026'!Y134+'5-SEPTEMBER-2026'!Z134+'5-SEPTEMBER-2026'!#REF! -> #REF! | G137: =IF(F137<0,"NEGATIVE - CHECK ENTRIES",IF(AND(E137<>"",E137>0,F137<=E137),"REORDER","OK")) -> #REF! | H137: 29-AUGUST-2026
A138: Reggaeton | B138: 100 | C138: SEED | D138: CUSTOM&TRIAL | F138: ='5-SEPTEMBER-2026'!Y135+'5-SEPTEMBER-2026'!Z135+'5-SEPTEMBER-2026'!#REF! -> #REF! | G138: =IF(F138<0,"NEGATIVE - CHECK ENTRIES",IF(AND(E138<>"",E138>0,F138<=E138),"REORDER","OK")) -> #REF! | H138: 29-AUGUST-2026
A139: Rincon | B139: 1000 | C139: SEED | D139: MASIFIO CUSTOM | F139: ='5-SEPTEMBER-2026'!Y136+'5-SEPTEMBER-2026'!Z136+'5-SEPTEMBER-2026'!#REF! -> #REF! | G139: =IF(F139<0,"NEGATIVE - CHECK ENTRIES",IF(AND(E139<>"",E139>0,F139<=E139),"REORDER","OK")) -> #REF! | H139: 29-AUGUST-2026
A140: romietto | B140: 100 | C140: SEED | D140: CUSTOM&TRIAL | F140: ='5-SEPTEMBER-2026'!Y137+'5-SEPTEMBER-2026'!Z137+'5-SEPTEMBER-2026'!#REF! -> #REF! | G140: =IF(F140<0,"NEGATIVE - CHECK ENTRIES",IF(AND(E140<>"",E140>0,F140<=E140),"REORDER","OK")) -> #REF! | H140: 29-AUGUST-2026
A141: Rugantino | B141: 100 | C141: SEED | D141: MASIFIO CUSTOM | F141: ='5-SEPTEMBER-2026'!Y138+'5-SEPTEMBER-2026'!Z138+'5-SEPTEMBER-2026'!#REF! -> #REF! | G141: =IF(F141<0,"NEGATIVE - CHECK ENTRIES",IF(AND(E141<>"",E141>0,F141<=E141),"REORDER","OK")) -> #REF! | H141: 29-AUGUST-2026
A142: Shelter | B142: 100 | C142: SEED | D142: CUSTOM&TRIAL | F142: ='5-SEPTEMBER-2026'!Y139+'5-SEPTEMBER-2026'!Z139+'5-SEPTEMBER-2026'!#REF! -> #REF! | G142: =IF(F142<0,"NEGATIVE - CHECK ENTRIES",IF(AND(E142<>"",E142>0,F142<=E142),"REORDER","OK")) -> #REF! | H142: 29-AUGUST-2026
... A146: sondela | B146: 100 | C146: SEED | D146: CUSTOM&TRIAL | F146: ='5-SEPTEMBER-2026'!Y143+'5-SEPTEMBER-2026'!Z143+'5-SEPTEMBER-2026'!#REF! -> #REF! | G146: =IF(F146<0,"NEGATIVE - CHECK ENTRIES",IF(AND(E146<>"",E146>0,F146<=E146),"REORDER","OK")) -> #REF! | H146: 29-AUGUST-2026
A147: Sondela | B147: 1000 | D147: COMMERCIAL | F147: ='5-SEPTEMBER-2026'!Y144+'5-SEPTEMBER-2026'!Z144+'5-SEPTEMBER-2026'!#REF! -> #REF! | G147: =IF(F147<0,"NEGATIVE - CHECK ENTRIES",IF(AND(E147<>"",E147>0,F147<=E147),"REORDER","OK")) -> #REF! | H147: 29-AUGUST-2026
A148: sungari | B148: 1000 | C148: SEED | D148: MASIFIO CUSTOM | F148: ='5-SEPTEMBER-2026'!Y145+'5-SEPTEMBER-2026'!Z145+'5-SEPTEMBER-2026'!#REF! -> #REF! | G148: =IF(F148<0,"NEGATIVE - CHECK ENTRIES",IF(AND(E148<>"",E148>0,F148<=E148),"REORDER","OK")) -> #REF! | H148: 29-AUGUST-2026
A149: Sweet pepper ILANGA RZ F9 | B149: 100 | C149: SEED | D149: COMMERCIAL | F149: ='5-SEPTEMBER-2026'!Y146+'5-SEPTEMBER-2026'!Z146+'5-SEPTEMBER-2026'!#REF! -> #REF! | G149: =IF(F149<0,"NEGATIVE - CHECK ENTRIES",IF(AND(E149<>"",E149>0,F149<=E149),"REORDER","OK")) -> #REF! | H149: 29-AUGUST-2026
A150: Sweet pepper MASSILIA RZ F6 | B150: 100 | C150: SEED | D150: COMMERCIAL | F150: ='5-SEPTEMBER-2026'!Y147+'5-SEPTEMBER-2026'!Z147+'5-SEPTEMBER-2026'!#REF! -> #REF! | G150: =IF(F150<0,"NEGATIVE - CHECK ENTRIES",IF(AND(E150<>"",E150>0,F150<=E150),"REORDER","OK")) -> #REF! | H150: 29-AUGUST-2026
A151: Sweet pepper PASARELLA RZ F8 | B151: 100 | C151: SEED | D151: COMMERCIAL | F151: ='5-SEPTEMBER-2026'!Y148+'5-SEPTEMBER-2026'!Z148+'5-SEPTEMBER-2026'!#REF! -> #REF! | G151: =IF(F151<0,"NEGATIVE - CHECK ENTRIES",IF(AND(E151<>"",E151>0,F151<=E151),"REORDER","OK")) -> #REF! | H151: 29-AUGUST-2026
A152: Sweet pepper RED JET RZ F8 | B152: 500 | C152: SEED | D152: COMMERCIAL | F152: ='5-SEPTEMBER-2026'!Y149+'5-SEPTEMBER-2026'!Z149+'5-SEPTEMBER-2026'!#REF! -> #REF! | G152: =IF(F152<0,"NEGATIVE - CHECK ENTRIES",IF(AND(E152<>"",E152>0,F152<=E152),"REORDER","OK")) -> #REF! | H152: 29-AUGUST-2026
A153: Sweet pepper RED JET RZ F9 | B153: 100 | C153: SEED | D153: COMMERCIAL | F153: ='5-SEPTEMBER-2026'!Y150+'5-SEPTEMBER-2026'!Z150+'5-SEPTEMBER-2026'!#REF! -> #REF! | G153: =IF(F153<0,"NEGATIVE - CHECK ENTRIES",IF(AND(E153<>"",E153>0,F153<=E153),"REORDER","OK")) -> #REF! | H153: 29-AUGUST-2026
A154: Sweet pepper Reggaeton | B154: 100 | C154: SEED | D154: COMMERCIAL | F154: ='5-SEPTEMBER-2026'!Y151+'5-SEPTEMBER-2026'!Z151+'5-SEPTEMBER-2026'!#REF! -> #REF! | G154: =IF(F154<0,"NEGATIVE - CHECK ENTRIES",IF(AND(E154<>"",E154>0,F154<=E154),"REORDER","OK")) -> #REF! | H154: 29-AUGUST-2026
A155: Sweet pepper Snack Triora | B155: 100 | C155: SEED | D155: COMMERCIAL | F155: ='5-SEPTEMBER-2026'!Y152+'5-SEPTEMBER-2026'!Z152+'5-SEPTEMBER-2026'!#REF! -> #REF! | G155: =IF(F155<0,"NEGATIVE - CHECK ENTRIES",IF(AND(E155<>"",E155>0,F155<=E155),"REORDER","OK")) -> #REF! | H155: 29-AUGUST-2026
A156: Sweet pepper Snack Triyello | B156: 100 | C156: SEED | D156: COMMERCIAL | F156: ='5-SEPTEMBER-2026'!Y153+'5-SEPTEMBER-2026'!Z153+'5-SEPTEMBER-2026'!#REF! -> #REF! | G156: =IF(F156<0,"NEGATIVE - CHECK ENTRIES",IF(AND(E156<>"",E156>0,F156<=E156),"REORDER","OK")) -> #REF! | H156: 29-AUGUST-2026
...

Sheet 26 june
A1: PRODUCT | E1: WAREHOUSE STOCK - OPENING | I1: WEEKLY MOVEMENT (manual entry) | S1: WAREHOUSE STOCK - CLOSING | W1: ALERT | X1: BRANCH DISTRIBUTION (Dar / Dodoma / Iringa / Manyara) | AJ1: NOTES
A2: Product | B2: Pack Size | C2: Category | D2: Type | E2: Opening Arusha | F2: Opening Moro | G2: Opening Dar | H2: Total Qty - Week Start | I2: Sales Arusha | J2: Sales Moro | K2: Sales Dar | L2: Stock Out Arusha | M2: Stock Out Moro | N2: Stock Out Dar | O2: Stock In Arusha | P2: Stock In Moro | Q2: Stock In Dar | R2: Stock In Dodoma | S2: Total Qty - Week End | T2: Closing Arusha | U2: Closing Moro | V2: Closing Dar | W2: Stock Alert | X2: Sent Dar | Y2: Sold Dar | Z2: Not Sold Dar | AA2: Sent Dodoma | AB2: Sold Dodoma | AC2: Not Sold Dodoma | AD2: Sent Iringa | AE2: Sold Iringa | AF2: Not Sold Iringa | AG2: Sent Manyara | AH2: Sold Manyara | AI2: Not Sold Manyara | AJ2: Remarks
A3: 30-WC773 | B3: 1000 | C3: SEED | D3: COMMERCIAL | E3: 0 | F3: 0 | G3: 0 | H3: =E3+F3+G3 -> 0 | I3: 0 | J3: 0 | K3: 0 | L3: 0 | M3: 0 | N3: 0 | O3: 0 | P3: 0 | Q3: 0 | R3: 0 | S3: =H3+O3+P3+Q3+R3-(I3+J3+K3+L3+M3+N3) -> 0 | T3: =E3+O3-I3-L3 -> 0 | U3: =F3+P3-J3-M3 -> 0 | V3: =G3+Q3-K3-N3 -> 0 | W3: =IF(MIN(T3,U3,V3)<0,"NEGATIVE STOCK - CHECK ENTRIES","") | X3: 0 | Y3: 0 | Z3: =X3-Y3 -> 0 | AA3: 0 | AB3: 0 | AC3: =AA3-AB3 -> 0 | AD3: 0 | AE3: 0 | AF3: =AD3-AE3 -> 0 | AG3: 0 | AH3: 0 | AI3: =AG3-AH3 -> 0
A4: Afadja | B4: 500 | C4: SEED | D4: CUSTOM&TRIAL | E4: 0 | F4: 0 | G4: 0 | H4: =E4+F4+G4 -> 0 | I4: 0 | J4: 0 | K4: 0 | L4: 0 | M4: 0 | N4: 0 | O4: 0 | P4: 0 | Q4: 0 | R4: 0 | S4: =H4+O4+P4+Q4+R4-(I4+J4+K4+L4+M4+N4) -> 0 | T4: =E4+O4-I4-L4 -> 0 | U4: =F4+P4-J4-M4 -> 0 | V4: =G4+Q4-K4-N4 -> 0 | W4: =IF(MIN(T4,U4,V4)<0,"NEGATIVE STOCK - CHECK ENTRIES","") | X4: 0 | Y4: 0 | Z4: =X4-Y4 -> 0 | AA4: 0 | AB4: 0 | AC4: =AA4-AB4 -> 0 | AD4: 0 | AE4: 0 | AF4: =AD4-AE4 -> 0 | AG4: 0 | AH4: 0 | AI4: =AG4-AH4 -> 0
A5: African eggplant BENUE F1 | B5: 100 | C5: SEED | D5: COMMERCIAL | E5: 396 | F5: 69 | G5: 190 | H5: =E5+F5+G5 -> 655 | I5: 160 | J5: 0 | K5: 0 | L5: 0 | M5: 0 | N5: 0 | O5: 0 | P5: 0 | Q5: 0 | R5: 0 | S5: =H5+O5+P5+Q5+R5-(I5+J5+K5+L5+M5+N5) -> 495 | T5: =E5+O5-I5-L5 -> 236 | U5: =F5+P5-J5-M5 -> 69 | V5: =G5+Q5-K5-N5 -> 190 | W5: =IF(MIN(T5,U5,V5)<0,"NEGATIVE STOCK - CHECK ENTRIES","") | X5: 0 | Y5: 0 | Z5: =X5-Y5 -> 0 | AA5: 0 | AB5: 0 | AC5: =AA5-AB5 -> 0 | AD5: 0 | AE5: 0 | AF5: =AD5-AE5 -> 0 | AG5: 0 | AH5: 0 | AI5: =AG5-AH5 -> 0
A6: African eggplant KAZINGA RZ F1 | B6: 100 | C6: SEED | D6: COMMERCIAL | E6: 233 | F6: 38 | G6: 52 | H6: =E6+F6+G6 -> 323 | I6: 0 | J6: 0 | K6: 0 | L6: 0 | M6: 0 | N6: 0 | O6: 0 | P6: 0 | Q6: 0 | R6: 0 | S6: =H6+O6+P6+Q6+R6-(I6+J6+K6+L6+M6+N6) -> 323 | T6: =E6+O6-I6-L6 -> 233 | U6: =F6+P6-J6-M6 -> 38 | V6: =G6+Q6-K6-N6 -> 52 | W6: =IF(MIN(T6,U6,V6)<0,"NEGATIVE STOCK - CHECK ENTRIES","") | X6: 0 | Y6: 0 | Z6: =X6-Y6 -> 0 | AA6: 0 | AB6: 0 | AC6: =AA6-AB6 -> 0 | AD6: 0 | AE6: 0 | AF6: =AD6-AE6 -> 0 | AG6: 0 | AH6: 0 | AI6: =AG6-AH6 -> 0
A7: African eggplant KERIO RZ F1 | B7: 100 | C7: SEED | D7: COMMERCIAL | E7: 0 | F7: 20 | G7: 0 | H7: =E7+F7+G7 -> 20 | I7: 0 | J7: 0 | K7: 0 | L7: 0 | M7: 0 | N7: 0 | O7: 0 | P7: 0 | Q7: 0 | R7: 0 | S7: =H7+O7+P7+Q7+R7-(I7+J7+K7+L7+M7+N7) -> 20 | T7: =E7+O7-I7-L7 -> 0 | U7: =F7+P7-J7-M7 -> 20 | V7: =G7+Q7-K7-N7 -> 0 | W7: =IF(MIN(T7,U7,V7)<0,"NEGATIVE STOCK - CHECK ENTRIES","") | X7: 0 | Y7: 0 | Z7: =X7-Y7 -> 0 | AA7: 0 | AB7: 0 | AC7: =AA7-AB7 -> 0 | AD7: 0 | AE7: 0 | AF7: =AD7-AE7 -> 0 | AG7: 0 | AH7: 0 | AI7: =AG7-AH7 -> 0
A8: African eggplant LIMPOPO RZ F3 | B8: 100 | C8: SEED | D8: COMMERCIAL | E8: 0 | F8: 17 | G8: 20 | H8: =E8+F8+G8 -> 37 | I8: 0 | J8: 0 | K8: 0 | L8: 0 | M8: 0 | N8: 0 | O8: 0 | P8: 0 | Q8: 0 | R8: 0 | S8: =H8+O8+P8+Q8+R8-(I8+J8+K8+L8+M8+N8) -> 37 | T8: =E8+O8-I8-L8 -> 0 | U8: =F8+P8-J8-M8 -> 17 | V8: =G8+Q8-K8-N8 -> 20 | W8: =IF(MIN(T8,U8,V8)<0,"NEGATIVE STOCK - CHECK ENTRIES","") | X8: 0 | Y8: 0 | Z8: =X8-Y8 -> 0 | AA8: 0 | AB8: 0 | AC8: =AA8-AB8 -> 0 | AD8: 0 | AE8: 0 | AF8: =AD8-AE8 -> 0 | AG8: 0 | AH8: 0 | AI8: =AG8-AH8 -> 0
A9: African hot pepper AFADJA RZ F7 | B9: 100 | C9: SEED | D9: COMMERCIAL | E9: 0 | F9: 0 | G9: 1 | H9: =E9+F9+G9 -> 1 | I9: 0 | J9: 0 | K9: 0 | L9: 0 | M9: 0 | N9: 0 | O9: 0 | P9: 0 | Q9: 0 | R9: 0 | S9: =H9+O9+P9+Q9+R9-(I9+J9+K9+L9+M9+N9) -> 1 | T9: =E9+O9-I9-L9 -> 0 | U9: =F9+P9-J9-M9 -> 0 | V9: =G9+Q9-K9-N9 -> 1 | W9: =IF(MIN(T9,U9,V9)<0,"NEGATIVE STOCK - CHECK ENTRIES","") | X9: 0 | Y9: 0 | Z9: =X9-Y9 -> 0 | AA9: 0 | AB9: 0 | AC9: =AA9-AB9 -> 0 | AD9: 0 | AE9: 0 | AF9: =AD9-AE9 -> 0 | AG9: 0 | AH9: 0 | AI9: =AG9-AH9 -> 0
A10: African hot pepper AFADJA RZ F7 | B10: 500 | C10: SEED | D10: COMMERCIAL | E10: 0 | F10: 0 | G10: 0 | H10: =E10+F10+G10 -> 0 | I10: 0 | J10: 0 | K10: 0 | L10: 0 | M10: 0 | N10: 0 | O10: 0 | P10: 0 | Q10: 0 | R10: 0 | S10: =H10+O10+P10+Q10+R10-(I10+J10+K10+L10+M10+N10) -> 0 | T10: =E10+O10-I10-L10 -> 0 | U10: =F10+P10-J10-M10 -> 0 | V10: =G10+Q10-K10-N10 -> 0 | W10: =IF(MIN(T10,U10,V10)<0,"NEGATIVE STOCK - CHECK ENTRIES","") | X10: 0 | Y10: 0 | Z10: =X10-Y10 -> 0 | AA10: 0 | AB10: 0 | AC10: =AA10-AB10 -> 0 | AD10: 0 | AE10: 0 | AF10: =AD10-AE10 -> 0 | AG10: 0 | AH10: 0 | AI10: =AG10-AH10 -> 0
A11: African hot pepper LENGAI RZ F2 | B11: 100 | C11: SEED | D11: COMMERCIAL | E11: 329 | F11: 195 | G11: 16 | H11: =E11+F11+G11 -> 540 | I11: 0 | J11: 0 | K11: 0 | L11: 0 | M11: 0 | N11: 0 | O11: 0 | P11: 0 | Q11: 0 | R11: 0 | S11: =H11+O11+P11+Q11+R11-(I11+J11+K11+L11+M11+N11) -> 540 | T11: =E11+O11-I11-L11 -> 329 | U11: =F11+P11-J11-M11 -> 195 | V11: =G11+Q11-K11-N11 -> 16 | W11: =IF(MIN(T11,U11,V11)<0,"NEGATIVE STOCK - CHECK ENTRIES","") | X11: 0 | Y11: 0 | Z11: =X11-Y11 -> 0 | AA11: 0 | AB11: 0 | AC11: =AA11-AB11 -> 0 | AD11: 0 | AE11: 0 | AF11: =AD11-AE11 -> 0 | AG11: 0 | AH11: 0 | AI11: =AG11-AH11 -> 0
A12: African hot pepper LENGAI RZ F3 | B12: 500 | C12: SEED | D12: COMMERCIAL | E12: 8 | F12: 0 | G12: 0 | H12: =E12+F12+G12 -> 8 | I12: 0 | J12: 0 | K12: 0 | L12: 0 | M12: 0 | N12: 0 | O12: 0 | P12: 0 | Q12: 0 | R12: 0 | S12: =H12+O12+P12+Q12+R12-(I12+J12+K12+L12+M12+N12) -> 8 | T12: =E12+O12-I12-L12 -> 8 | U12: =F12+P12-J12-M12 -> 0 | V12: =G12+Q12-K12-N12 -> 0 | W12: =IF(MIN(T12,U12,V12)<0,"NEGATIVE STOCK - CHECK ENTRIES","") | X12: 0 | Y12: 0 | Z12: =X12-Y12 -> 0 | AA12: 0 | AB12: 0 | AC12: =AA12-AB12 -> 0 | AD12: 0 | AE12: 0 | AF12: =AD12-AE12 -> 0 | AG12: 0 | AH12: 0 | AI12: =AG12-AH12 -> 0
A13: African Hot Pepper Loleza RZ | B13: 100 | C13: SEED | D13: COMMERCIAL | E13: 2804 | F13: 302 | G13: 150 | H13: =E13+F13+G13 -> 3256 | I13: 10 | J13: 5 | K13: 0 | L13: 1290 | M13: 0 | N13: 0 | O13: 0 | P13: 0 | Q13: 0 | R13: 0 | S13: =H13+O13+P13+Q13+R13-(I13+J13+K13+L13+M13+N13) -> 1951 | T13: =E13+O13-I13-L13 -> 1504 | U13: =F13+P13-J13-M13 -> 297 | V13: =G13+Q13-K13-N13 -> 150 | W13: =IF(MIN(T13,U13,V13)<0,"NEGATIVE STOCK - CHECK ENTRIES","") | X13: 0 | Y13: 0 | Z13: =X13-Y13 -> 0 | AA13: 0 | AB13: 0 | AC13: =AA13-AB13 -> 0 | AD13: 0 | AE13: 0 | AF13: =AD13-AE13 -> 0 | AG13: 0 | AH13: 0 | AI13: =AG13-AH13 -> 0
A14: African Hot Pepper Loleza RZ | B14: 500 | C14: SEED | D14: COMMERCIAL | E14: 170 | F14: 20 | G14: 15 | H14: =E14+F14+G14 -> 205 | I14: 0 | J14: 0 | K14: 0 | L14: 0 | M14: 0 | N14: 0 | O14: 0 | P14: 0 | Q14: 0 | R14: 0 | S14: =H14+O14+P14+Q14+R14-(I14+J14+K14+L14+M14+N14) -> 205 | T14: =E14+O14-I14-L14 -> 170 | U14: =F14+P14-J14-M14 -> 20 | V14: =G14+Q14-K14-N14 -> 15 | W14: =IF(MIN(T14,U14,V14)<0,"NEGATIVE STOCK - CHECK ENTRIES","") | X14: 0 | Y14: 0 | Z14: =X14-Y14 -> 0 | AA14: 0 | AB14: 0 | AC14: =AA14-AB14 -> 0 | AD14: 0 | AE14: 0 | AF14: =AD14-AE14 -> 0 | AG14: 0 | AH14: 0 | AI14: =AG14-AH14 -> 0
... A48: Caribbean king | B48: 100 | C48: SEED | D48: CUSTOM&TRIAL | E48: 0 | F48: 0 | G48: 0 | H48: =E48+F48+G48 -> 0 | I48: 0 | J48: 0 | K48: 0 | L48: 0 | M48: 0 | N48: 0 | O48: 0 | P48: 0 | Q48: 0 | R48: 0 | S48: =H48+O48+P48+Q48+R48-(I48+J48+K48+L48+M48+N48) -> 0 | T48: =E48+O48-I48-L48 -> 0 | U48: =F48+P48-J48-M48 -> 0 | V48: =G48+Q48-K48-N48 -> 0 | W48: =IF(MIN(T48,U48,V48)<0,"NEGATIVE STOCK - CHECK ENTRIES","") | X48: 0 | Y48: 0 | Z48: =X48-Y48 -> 0 | AA48: 0 | AB48: 0 | AC48: =AA48-AB48 -> 0 | AD48: 0 | AE48: 0 | AF48: =AD48-AE48 -> 0 | AG48: 0 | AH48: 0 | AI48: =AG48-AH48 -> 0
A49: Cartegeneous | B49: 1000 | D49: COMMERCIAL | E49: 0 | F49: 0 | G49: 0 | H49: =E49+F49+G49 -> 0 | I49: 0 | J49: 0 | K49: 0 | L49: 0 | M49: 0 | N49: 0 | O49: 0 | P49: 0 | Q49: 0 | R49: 0 | S49: =H49+O49+P49+Q49+R49-(I49+J49+K49+L49+M49+N49) -> 0 | T49: =E49+O49-I49-L49 -> 0 | U49: =F49+P49-J49-M49 -> 0 | V49: =G49+Q49-K49-N49 -> 0 | W49: =IF(MIN(T49,U49,V49)<0,"NEGATIVE STOCK - CHECK ENTRIES","") | X49: 0 | Y49: 0 | Z49: =X49-Y49 -> 0 | AA49: 0 | AB49: 0 | AC49: =AA49-AB49 -> 0 | AD49: 0 | AE49: 0 | AF49: =AD49-AE49 -> 0 | AG49: 0 | AH49: 0 | AI49: =AG49-AH49 -> 0
A50: Cauliflower CASPER RZ F1 | B50: 1000 | C50: SEED | D50: COMMERCIAL | E50: 0 | F50: 0 | G50: 0 | H50: =E50+F50+G50 -> 0 | I50: 0 | J50: 0 | K50: 0 | L50: 0 | M50: 0 | N50: 0 | O50: 0 | P50: 0 | Q50: 0 | R50: 0 | S50: =H50+O50+P50+Q50+R50-(I50+J50+K50+L50+M50+N50) -> 0 | T50: =E50+O50-I50-L50 -> 0 | U50: =F50+P50-J50-M50 -> 0 | V50: =G50+Q50-K50-N50 -> 0 | W50: =IF(MIN(T50,U50,V50)<0,"NEGATIVE STOCK - CHECK ENTRIES","") | X50: 0 | Y50: 0 | Z50: =X50-Y50 -> 0 | AA50: 0 | AB50: 0 | AC50: =AA50-AB50 -> 0 | AD50: 0 | AE50: 0 | AF50: =AD50-AE50 -> 0 | AG50: 0 | AH50: 0 | AI50: =AG50-AH50 -> 0
A51: Cauliflower CASPER RZ F4 | B51: 1000 | C51: SEED | D51: COMMERCIAL | E51: 7 | F51: 24 | G51: 0 | H51: =E51+F51+G51 -> 31 | I51: 6 | J51: 0 | K51: 0 | L51: 5 | M51: 7 | N51: 0 | O51: 7 | P51: 0 | Q51: 0 | R51: 0 | S51: =H51+O51+P51+Q51+R51-(I51+J51+K51+L51+M51+N51) -> 20 | T51: =E51+O51-I51-L51 -> 3 | U51: =F51+P51-J51-M51 -> 17 | V51: =G51+Q51-K51-N51 -> 0 | W51: =IF(MIN(T51,U51,V51)<0,"NEGATIVE STOCK - CHECK ENTRIES","") | X51: 0 | Y51: 0 | Z51: =X51-Y51 -> 0 | AA51: 0 | AB51: 0 | AC51: =AA51-AB51 -> 0 | AD51: 0 | AE51: 0 | AF51: =AD51-AE51 -> 0 | AG51: 0 | AH51: 0 | AI51: =AG51-AH51 -> 0
A52: Cauliflower MONEERA RZ F4 | B52: 1000 | C52: SEED | D52: COMMERCIAL | E52: 5 | F52: 1 | G52: 2 | H52: =E52+F52+G52 -> 8 | I52: 0 | J52: 0 | K52: 0 | L52: 0 | M52: 0 | N52: 0 | O52: 0 | P52: 0 | Q52: 0 | R52: 0 | S52: =H52+O52+P52+Q52+R52-(I52+J52+K52+L52+M52+N52) -> 8 | T52: =E52+O52-I52-L52 -> 5 | U52: =F52+P52-J52-M52 -> 1 | V52: =G52+Q52-K52-N52 -> 2 | W52: =IF(MIN(T52,U52,V52)<0,"NEGATIVE STOCK - CHECK ENTRIES","") | X52: 0 | Y52: 0 | Z52: =X52-Y52 -> 0 | AA52: 0 | AB52: 0 | AC52: =AA52-AB52 -> 0 | AD52: 0 | AE52: 0 | AF52: =AD52-AE52 -> 0 | AG52: 0 | AH52: 0 | AI52: =AG52-AH52 -> 0
A53: Chromis | B53: 100 | C53: SEED | D53: MASIFIO CUSTOM | E53: 0 | F53: 0 | G53: 0 | H53: =E53+F53+G53 -> 0 | I53: 0 | J53: 0 | K53: 0 | L53: 0 | M53: 0 | N53: 0 | O53: 0 | P53: 0 | Q53: 0 | R53: 0 | S53: =H53+O53+P53+Q53+R53-(I53+J53+K53+L53+M53+N53) -> 0 | T53: =E53+O53-I53-L53 -> 0 | U53: =F53+P53-J53-M53 -> 0 | V53: =G53+Q53-K53-N53 -> 0 | W53: =IF(MIN(T53,U53,V53)<0,"NEGATIVE STOCK - CHECK ENTRIES","") | X53: 0 | Y53: 0 | Z53: =X53-Y53 -> 0 | AA53: 0 | AB53: 0 | AC53: =AA53-AB53 -> 0 | AD53: 0 | AE53: 0 | AF53: =AD53-AE53 -> 0 | AG53: 0 | AH53: 0 | AI53: =AG53-AH53 -> 0
A54: Codex | B54: 1000 | C54: SEED | D54: MASIFIO CUSTOM | E54: 0 | F54: 0 | G54: 0 | H54: =E54+F54+G54 -> 0 | I54: 0 | J54: 0 | K54: 0 | L54: 0 | M54: 0 | N54: 0 | O54: 0 | P54: 0 | Q54: 0 | R54: 0 | S54: =H54+O54+P54+Q54+R54-(I54+J54+K54+L54+M54+N54) -> 0 | T54: =E54+O54-I54-L54 -> 0 | U54: =F54+P54-J54-M54 -> 0 | V54: =G54+Q54-K54-N54 -> 0 | W54: =IF(MIN(T54,U54,V54)<0,"NEGATIVE STOCK - CHECK ENTRIES","") | X54: 0 | Y54: 0 | Z54: =X54-Y54 -> 0 | AA54: 0 | AB54: 0 | AC54: =AA54-AB54 -> 0 | AD54: 0 | AE54: 0 | AF54: =AD54-AE54 -> 0 | AG54: 0 | AH54: 0 | AI54: =AG54-AH54 -> 0
A55: concorde | B55: 5000 | C55: SEED | D55: CUSTOM&TRIAL | E55: 0 | F55: 0 | G55: 0 | H55: =E55+F55+G55 -> 0 | I55: 0 | J55: 0 | K55: 0 | L55: 0 | M55: 0 | N55: 0 | O55: 0 | P55: 0 | Q55: 0 | R55: 0 | S55: =H55+O55+P55+Q55+R55-(I55+J55+K55+L55+M55+N55) -> 0 | T55: =E55+O55-I55-L55 -> 0 | U55: =F55+P55-J55-M55 -> 0 | V55: =G55+Q55-K55-N55 -> 0 | W55: =IF(MIN(T55,U55,V55)<0,"NEGATIVE STOCK - CHECK ENTRIES","") | X55: 0 | Y55: 0 | Z55: =X55-Y55 -> 0 | AA55: 0 | AB55: 0 | AC55: =AA55-AB55 -> 0 | AD55: 0 | AE55: 0 | AF55: =AD55-AE55 -> 0 | AG55: 0 | AH55: 0 | AI55: =AG55-AH55 -> 0
A56: cook | B56: 1000 | C56: SEED | D56: MASIFIO CUSTOM | E56: 0 | F56: 0 | G56: 0 | H56: =E56+F56+G56 -> 0 | I56: 0 | J56: 0 | K56: 0 | L56: 0 | M56: 0 | N56: 0 | O56: 0 | P56: 0 | Q56: 0 | R56: 0 | S56: =H56+O56+P56+Q56+R56-(I56+J56+K56+L56+M56+N56) -> 0 | T56: =E56+O56-I56-L56 -> 0 | U56: =F56+P56-J56-M56 -> 0 | V56: =G56+Q56-K56-N56 -> 0 | W56: =IF(MIN(T56,U56,V56)<0,"NEGATIVE STOCK - CHECK ENTRIES","") | X56: 0 | Y56: 0 | Z56: =X56-Y56 -> 0 | AA56: 0 | AB56: 0 | AC56: =AA56-AB56 -> 0 | AD56: 0 | AE56: 0 | AF56: =AD56-AE56 -> 0 | AG56: 0 | AH56: 0 | AI56: =AG56-AH56 -> 0
A57: Cos lettuce MAXIMUS RZ | B57: 1000 | C57: SEED | D57: COMMERCIAL | E57: 0 | F57: 2 | G57: 0 | H57: =E57+F57+G57 -> 2 | I57: 0 | J57: 0 | K57: 0 | L57: 0 | M57: 0 | N57: 0 | O57: 0 | P57: 0 | Q57: 0 | R57: 0 | S57: =H57+O57+P57+Q57+R57-(I57+J57+K57+L57+M57+N57) -> 2 | T57: =E57+O57-I57-L57 -> 0 | U57: =F57+P57-J57-M57 -> 2 | V57: =G57+Q57-K57-N57 -> 0 | W57: =IF(MIN(T57,U57,V57)<0,"NEGATIVE STOCK - CHECK ENTRIES","") | X57: 0 | Y57: 0 | Z57: =X57-Y57 -> 0 | AA57: 0 | AB57: 0 | AC57: =AA57-AB57 -> 0 | AD57: 0 | AE57: 0 | AF57: =AD57-AE57 -> 0 | AG57: 0 | AH57: 0 | AI57: =AG57-AH57 -> 0
A58: Coulthard | B58: 100000 | C58: SEED | D58: MASIFIO CUSTOM | E58: 0 | F58: 0 | G58: 0 | H58: =E58+F58+G58 -> 0 | I58: 0 | J58: 0 | K58: 0 | L58: 0 | M58: 0 | N58: 0 | O58: 0 | P58: 0 | Q58: 0 | R58: 0 | S58: =H58+O58+P58+Q58+R58-(I58+J58+K58+L58+M58+N58) -> 0 | T58: =E58+O58-I58-L58 -> 0 | U58: =F58+P58-J58-M58 -> 0 | V58: =G58+Q58-K58-N58 -> 0 | W58: =IF(MIN(T58,U58,V58)<0,"NEGATIVE STOCK - CHECK ENTRIES","") | X58: 0 | Y58: 0 | Z58: =X58-Y58 -> 0 | AA58: 0 | AB58: 0 | AC58: =AA58-AB58 -> 0 | AD58: 0 | AE58: 0 | AF58: =AD58-AE58 -> 0 | AG58: 0 | AH58: 0 | AI58: =AG58-AH58 -> 0
A59: Cucumber LARINO RZ F1 | B59: 100 | C59: SEED | D59: COMMERCIAL | E59: 0 | F59: 0 | G59: 6 | H59: =E59+F59+G59 -> 6 | I59: 0 | J59: 0 | K59: 0 | L59: 0 | M59: 0 | N59: 0 | O59: 0 | P59: 0 | Q59: 0 | R59: 0 | S59: =H59+O59+P59+Q59+R59-(I59+J59+K59+L59+M59+N59) -> 6 | T59: =E59+O59-I59-L59 -> 0 | U59: =F59+P59-J59-M59 -> 0 | V59: =G59+Q59-K59-N59 -> 6 | W59: =IF(MIN(T59,U59,V59)<0,"NEGATIVE STOCK - CHECK ENTRIES","") | X59: 0 | Y59: 0 | Z59: =X59-Y59 -> 0 | AA59: 0 | AB59: 0 | AC59: =AA59-AB59 -> 0 | AD59: 0 | AE59: 0 | AF59: =AD59-AE59 -> 0 | AG59: 0 | AH59: 0 | AI59: =AG59-AH59 -> 0
A60: Daywalt | B60: 100000 | C60: SEED | D60: MASIFIO CUSTOM | E60: 0 | F60: 0 | G60: 0 | H60: =E60+F60+G60 -> 0 | I60: 0 | J60: 0 | K60: 0 | L60: 0 | M60: 0 | N60: 0 | O60: 0 | P60: 0 | Q60: 0 | R60: 0 | S60: =H60+O60+P60+Q60+R60-(I60+J60+K60+L60+M60+N60) -> 0 | T60: =E60+O60-I60-L60 -> 0 | U60: =F60+P60-J60-M60 -> 0 | V60: =G60+Q60-K60-N60 -> 0 | W60: =IF(MIN(T60,U60,V60)<0,"NEGATIVE STOCK - CHECK ENTRIES","") | X60: 0 | Y60: 0 | Z60: =X60-Y60 -> 0 | AA60: 0 | AB60: 0 | AC60: =AA60-AB60 -> 0 | AD60: 0 | AE60: 0 | AF60: =AD60-AE60 -> 0 | AG60: 0 | AH60: 0 | AI60: =AG60-AH60 -> 0
A61: Diapson | B61: 100 | C61: SEED | D61: MASIFIO CUSTOM | E61: 0 | F61: 0 | G61: 0 | H61: =E61+F61+G61 -> 0 | I61: 0 | J61: 0 | K61: 0 | L61: 0 | M61: 0 | N61: 0 | O61: 0 | P61: 0 | Q61: 0 | R61: 0 | S61: =H61+O61+P61+Q61+R61-(I61+J61+K61+L61+M61+N61) -> 0 | T61: =E61+O61-I61-L61 -> 0 | U61: =F61+P61-J61-M61 -> 0 | V61: =G61+Q61-K61-N61 -> 0 | W61: =IF(MIN(T61,U61,V61)<0,"NEGATIVE STOCK - CHECK ENTRIES","") | X61: 0 | Y61: 0 | Z61: =X61-Y61 -> 0 | AA61: 0 | AB61: 0 | AC61: =AA61-AB61 -> 0 | AD61: 0 | AE61: 0 | AF61: =AD61-AE61 -> 0 | AG61: 0 | AH61: 0 | AI61: =AG61-AH61 -> 0
... A74: grecale | B74: 1000 | C74: SEED | D74: MASIFIO CUSTOM | E74: 0 | F74: 0 | G74: 0 | H74: =E74+F74+G74 -> 0 | I74: 0 | J74: 0 | K74: 0 | L74: 0 | M74: 0 | N74: 0 | O74: 0 | P74: 0 | Q74: 0 | R74: 0 | S74: =H74+O74+P74+Q74+R74-(I74+J74+K74+L74+M74+N74) -> 0 | T74: =E74+O74-I74-L74 -> 0 | U74: =F74+P74-J74-M74 -> 0 | V74: =G74+Q74-K74-N74 -> 0 | W74: =IF(MIN(T74,U74,V74)<0,"NEGATIVE STOCK - CHECK ENTRIES","") | X74: 0 | Y74: 0 | Z74: =X74-Y74 -> 0 | AA74: 0 | AB74: 0 | AC74: =AA74-AB74 -> 0 | AD74: 0 | AE74: 0 | AF74: =AD74-AE74 -> 0 | AG74: 0 | AH74: 0 | AI74: =AG74-AH74 -> 0
A75: GREEN HOUSE | B75: NOT COMPLETE | C75: GREEN HOUSE | D75: COMMERCIAL | E75: 0 | F75: 0 | G75: 0 | H75: =E75+F75+G75 -> 0 | I75: 0 | J75: 0 | K75: 0 | L75: 0 | M75: 0 | N75: 0 | O75: 0 | P75: 0 | Q75: 0 | R75: 0 | S75: =H75+O75+P75+Q75+R75-(I75+J75+K75+L75+M75+N75) -> 0 | T75: =E75+O75-I75-L75 -> 0 | U75: =F75+P75-J75-M75 -> 0 | V75: =G75+Q75-K75-N75 -> 0 | W75: =IF(MIN(T75,U75,V75)<0,"NEGATIVE STOCK - CHECK ENTRIES","") | X75: 0 | Y75: 0 | Z75: =X75-Y75 -> 0 | AA75: 0 | AB75: 0 | AC75: =AA75-AB75 -> 0 | AD75: 0 | AE75: 0 | AF75: =AD75-AE75 -> 0 | AG75: 0 | AH75: 0 | AI75: =AG75-AH75 -> 0
A76: Hazleton | B76: 1000 | C76: SEED | D76: MASIFIO CUSTOM | E76: 0 | F76: 0 | G76: 0 | H76: =E76+F76+G76 -> 0 | I76: 0 | J76: 0 | K76: 0 | L76: 0 | M76: 0 | N76: 0 | O76: 0 | P76: 0 | Q76: 0 | R76: 0 | S76: =H76+O76+P76+Q76+R76-(I76+J76+K76+L76+M76+N76) -> 0 | T76: =E76+O76-I76-L76 -> 0 | U76: =F76+P76-J76-M76 -> 0 | V76: =G76+Q76-K76-N76 -> 0 | W76: =IF(MIN(T76,U76,V76)<0,"NEGATIVE STOCK - CHECK ENTRIES","") | X76: 0 | Y76: 0 | Z76: =X76-Y76 -> 0 | AA76: 0 | AB76: 0 | AC76: =AA76-AB76 -> 0 | AD76: 0 | AE76: 0 | AF76: =AD76-AE76 -> 0 | AG76: 0 | AH76: 0 | AI76: =AG76-AH76 -> 0
A77: Hilbert | B77: 1000 | C77: SEED | D77: MASIFIO CUSTOM | E77: 0 | F77: 0 | G77: 0 | H77: =E77+F77+G77 -> 0 | I77: 0 | J77: 0 | K77: 0 | L77: 0 | M77: 0 | N77: 0 | O77: 0 | P77: 0 | Q77: 0 | R77: 0 | S77: =H77+O77+P77+Q77+R77-(I77+J77+K77+L77+M77+N77) -> 0 | T77: =E77+O77-I77-L77 -> 0 | U77: =F77+P77-J77-M77 -> 0 | V77: =G77+Q77-K77-N77 -> 0 | W77: =IF(MIN(T77,U77,V77)<0,"NEGATIVE STOCK - CHECK ENTRIES","") | X77: 0 | Y77: 0 | Z77: =X77-Y77 -> 0 | AA77: 0 | AB77: 0 | AC77: =AA77-AB77 -> 0 | AD77: 0 | AE77: 0 | AF77: =AD77-AE77 -> 0 | AG77: 0 | AH77: 0 | AI77: =AG77-AH77 -> 0
A78: Horiver Blue | B78: 0 | C78: IPM | D78: COMMERCIAL | E78: 117 | F78: 6 | G78: 16 | H78: =E78+F78+G78 -> 139 | I78: 0 | J78: 0 | K78: 12 | L78: 10 | M78: 0 | N78: 0 | O78: 0 | P78: 0 | Q78: 0 | R78: 0 | S78: =H78+O78+P78+Q78+R78-(I78+J78+K78+L78+M78+N78) -> 117 | T78: =E78+O78-I78-L78 -> 107 | U78: =F78+P78-J78-M78 -> 6 | V78: =G78+Q78-K78-N78 -> 4 | W78: =IF(MIN(T78,U78,V78)<0,"NEGATIVE STOCK - CHECK ENTRIES","") | X78: 0 | Y78: 0 | Z78: =X78-Y78 -> 0 | AA78: 0 | AB78: 0 | AC78: =AA78-AB78 -> 0 | AD78: 0 | AE78: 0 | AF78: =AD78-AE78 -> 0 | AG78: 0 | AH78: 0 | AI78: =AG78-AH78 -> 0
A79: Horiver Yellow | B79: 0 | C79: IPM | D79: COMMERCIAL | E79: 106 | F79: 4 | G79: 11 | H79: =E79+F79+G79 -> 121 | I79: 0 | J79: 0 | K79: 2 | L79: 10 | M79: 0 | N79: 0 | O79: 0 | P79: 0 | Q79: 0 | R79: 0 | S79: =H79+O79+P79+Q79+R79-(I79+J79+K79+L79+M79+N79) -> 109 | T79: =E79+O79-I79-L79 -> 96 | U79: =F79+P79-J79-M79 -> 4 | V79: =G79+Q79-K79-N79 -> 9 | W79: =IF(MIN(T79,U79,V79)<0,"NEGATIVE STOCK - CHECK ENTRIES","") | X79: 0 | Y79: 0 | Z79: =X79-Y79 -> 0 | AA79: 0 | AB79: 0 | AC79: =AA79-AB79 -> 0 | AD79: 0 | AE79: 0 | AF79: =AD79-AE79 -> 0 | AG79: 0 | AH79: 0 | AI79: =AG79-AH79 -> 0
A80: Hot pepper HABIB RZ F1 | B80: 100 | C80: SEED | D80: COMMERCIAL | E80: 48 | F80: 135 | G80: 105 | H80: =E80+F80+G80 -> 288 | I80: 0 | J80: 0 | K80: 1 | L80: 0 | M80: 0 | N80: 0 | O80: 0 | P80: 0 | Q80: 0 | R80: 0 | S80: =H80+O80+P80+Q80+R80-(I80+J80+K80+L80+M80+N80) -> 287 | T80: =E80+O80-I80-L80 -> 48 | U80: =F80+P80-J80-M80 -> 135 | V80: =G80+Q80-K80-N80 -> 104 | W80: =IF(MIN(T80,U80,V80)<0,"NEGATIVE STOCK - CHECK ENTRIES","") | X80: 0 | Y80: 0 | Z80: =X80-Y80 -> 0 | AA80: 0 | AB80: 0 | AC80: =AA80-AB80 -> 0 | AD80: 0 | AE80: 0 | AF80: =AD80-AE80 -> 0 | AG80: 0 | AH80: 0 | AI80: =AG80-AH80 -> 0
A81: Hot pepper MEXTIZO RZ F3 | B81: 500 | C81: SEED | D81: COMMERCIAL | E81: 7 | F81: 0 | G81: 0 | H81: =E81+F81+G81 -> 7 | I81: 0 | J81: 0 | K81: 0 | L81: 0 | M81: 0 | N81: 0 | O81: 0 | P81: 0 | Q81: 0 | R81: 0 | S81: =H81+O81+P81+Q81+R81-(I81+J81+K81+L81+M81+N81) -> 7 | T81: =E81+O81-I81-L81 -> 7 | U81: =F81+P81-J81-M81 -> 0 | V81: =G81+Q81-K81-N81 -> 0 | W81: =IF(MIN(T81,U81,V81)<0,"NEGATIVE STOCK - CHECK ENTRIES","") | X81: 0 | Y81: 0 | Z81: =X81-Y81 -> 0 | AA81: 0 | AB81: 0 | AC81: =AA81-AB81 -> 0 | AD81: 0 | AE81: 0 | AF81: =AD81-AE81 -> 0 | AG81: 0 | AH81: 0 | AI81: =AG81-AH81 -> 0
A82: Hot pepper MEXTIZO RZ F4 | B82: 100 | C82: SEED | D82: COMMERCIAL | E82: 77 | F82: 277 | G82: 37 | H82: =E82+F82+G82 -> 391 | I82: 0 | J82: 0 | K82: 2 | L82: 0 | M82: 0 | N82: 0 | O82: 0 | P82: 0 | Q82: 0 | R82: 0 | S82: =H82+O82+P82+Q82+R82-(I82+J82+K82+L82+M82+N82) -> 389 | T82: =E82+O82-I82-L82 -> 77 | U82: =F82+P82-J82-M82 -> 277 | V82: =G82+Q82-K82-N82 -> 35 | W82: =IF(MIN(T82,U82,V82)<0,"NEGATIVE STOCK - CHECK ENTRIES","") | X82: 0 | Y82: 0 | Z82: =X82-Y82 -> 0 | AA82: 0 | AB82: 0 | AC82: =AA82-AB82 -> 0 | AD82: 0 | AE82: 0 | AF82: =AD82-AE82 -> 0 | AG82: 0 | AH82: 0 | AI82: =AG82-AH82 -> 0
A83: Iceberg lettuce Bruma RZ | B83: 1000 | C83: SEED | D83: COMMERCIAL | E83: 0 | F83: 0 | G83: 0 | H83: =E83+F83+G83 -> 0 | I83: 3 | J83: 0 | K83: 0 | L83: 0 | M83: 0 | N83: 0 | O83: 0 | P83: 0 | Q83: 0 | R83: 0 | S83: =H83+O83+P83+Q83+R83-(I83+J83+K83+L83+M83+N83) -> -3 | T83: =E83+O83-I83-L83 -> -3 | U83: =F83+P83-J83-M83 -> 0 | V83: =G83+Q83-K83-N83 -> 0 | W83: =IF(MIN(T83,U83,V83)<0,"NEGATIVE STOCK - CHECK ENTRIES","") -> NEGATIVE STOCK - CHECK ENTRIES | X83: 0 | Y83: 0 | Z83: =X83-Y83 -> 0 | AA83: 0 | AB83: 0 | AC83: =AA83-AB83 -> 0 | AD83: 0 | AE83: 0 | AF83: =AD83-AE83 -> 0 | AG83: 0 | AH83: 0 | AI83: =AG83-AH83 -> 0
A84: Ilanga | B84: 100 | C84: SEED | D84: CUSTOM&TRIAL | E84: 0 | F84: 0 | G84: 0 | H84: =E84+F84+G84 -> 0 | I84: 0 | J84: 0 | K84: 0 | L84: 0 | M84: 0 | N84: 0 | O84: 0 | P84: 0 | Q84: 0 | R84: 0 | S84: =H84+O84+P84+Q84+R84-(I84+J84+K84+L84+M84+N84) -> 0 | T84: =E84+O84-I84-L84 -> 0 | U84: =F84+P84-J84-M84 -> 0 | V84: =G84+Q84-K84-N84 -> 0 | W84: =IF(MIN(T84,U84,V84)<0,"NEGATIVE STOCK - CHECK ENTRIES","") | X84: 0 | Y84: 0 | Z84: =X84-Y84 -> 0 | AA84: 0 | AB84: 0 | AC84: =AA84-AB84 -> 0 | AD84: 0 | AE84: 0 | AF84: =AD84-AE84 -> 0 | AG84: 0 | AH84: 0 | AI84: =AG84-AH84 -> 0
A85: Jarrah | B85: 100 | C85: SEED | D85: CUSTOM&TRIAL | E85: 0 | F85: 0 | G85: 0 | H85: =E85+F85+G85 -> 0 | I85: 0 | J85: 0 | K85: 0 | L85: 0 | M85: 0 | N85: 0 | O85: 0 | P85: 0 | Q85: 0 | R85: 0 | S85: =H85+O85+P85+Q85+R85-(I85+J85+K85+L85+M85+N85) -> 0 | T85: =E85+O85-I85-L85 -> 0 | U85: =F85+P85-J85-M85 -> 0 | V85: =G85+Q85-K85-N85 -> 0 | W85: =IF(MIN(T85,U85,V85)<0,"NEGATIVE STOCK - CHECK ENTRIES","") | X85: 0 | Y85: 0 | Z85: =X85-Y85 -> 0 | AA85: 0 | AB85: 0 | AC85: =AA85-AB85 -> 0 | AD85: 0 | AE85: 0 | AF85: =AD85-AE85 -> 0 | AG85: 0 | AH85: 0 | AI85: =AG85-AH85 -> 0
A86: Jarrah | B86: 1000 | C86: SEED | D86: CUSTOM&TRIAL | E86: 0 | F86: 0 | G86: 0 | H86: =E86+F86+G86 -> 0 | I86: 0 | J86: 0 | K86: 0 | L86: 0 | M86: 0 | N86: 0 | O86: 0 | P86: 0 | Q86: 0 | R86: 0 | S86: =H86+O86+P86+Q86+R86-(I86+J86+K86+L86+M86+N86) -> 0 | T86: =E86+O86-I86-L86 -> 0 | U86: =F86+P86-J86-M86 -> 0 | V86: =G86+Q86-K86-N86 -> 0 | W86: =IF(MIN(T86,U86,V86)<0,"NEGATIVE STOCK - CHECK ENTRIES","") | X86: 0 | Y86: 0 | Z86: =X86-Y86 -> 0 | AA86: 0 | AB86: 0 | AC86: =AA86-AB86 -> 0 | AD86: 0 | AE86: 0 | AF86: =AD86-AE86 -> 0 | AG86: 0 | AH86: 0 | AI86: =AG86-AH86 -> 0
A87: Jerada | B87: 100000 | C87: SEED | D87: MASIFIO CUSTOM | E87: 0 | F87: 0 | G87: 0 | H87: =E87+F87+G87 -> 0 | I87: 0 | J87: 0 | K87: 0 | L87: 0 | M87: 0 | N87: 0 | O87: 0 | P87: 0 | Q87: 0 | R87: 0 | S87: =H87+O87+P87+Q87+R87-(I87+J87+K87+L87+M87+N87) -> 0 | T87: =E87+O87-I87-L87 -> 0 | U87: =F87+P87-J87-M87 -> 0 | V87: =G87+Q87-K87-N87 -> 0 | W87: =IF(MIN(T87,U87,V87)<0,"NEGATIVE STOCK - CHECK ENTRIES","") | X87: 0 | Y87: 0 | Z87: =X87-Y87 -> 0 | AA87: 0 | AB87: 0 | AC87: =AA87-AB87 -> 0 | AD87: 0 | AE87: 0 | AF87: =AD87-AE87 -> 0 | AG87: 0 | AH87: 0 | AI87: =AG87-AH87 -> 0
... A127: Pasarella | B127: 100 | C127: SEED | D127: CUSTOM&TRIAL | E127: 0 | F127: 0 | G127: 0 | H127: =E127+F127+G127 -> 0 | I127: 0 | J127: 0 | K127: 0 | L127: 0 | M127: 0 | N127: 0 | O127: 0 | P127: 0 | Q127: 0 | R127: 0 | S127: =H127+O127+P127+Q127+R127-(I127+J127+K127+L127+M127+N127) -> 0 | T127: =E127+O127-I127-L127 -> 0 | U127: =F127+P127-J127-M127 -> 0 | V127: =G127+Q127-K127-N127 -> 0 | W127: =IF(MIN(T127,U127,V127)<0,"NEGATIVE STOCK - CHECK ENTRIES","") | X127: 0 | Y127: 0 | Z127: =X127-Y127 -> 0 | AA127: 0 | AB127: 0 | AC127: =AA127-AB127 -> 0 | AD127: 0 | AE127: 0 | AF127: =AD127-AE127 -> 0 | AG127: 0 | AH127: 0 | AI127: =AG127-AH127 -> 0
A128: PEATMOSS | B128: 45KG | C128: PEAT | D128: COMMERCIAL | E128: 0 | F128: 0 | G128: 0 | H128: =E128+F128+G128 -> 0 | I128: 0 | J128: 0 | K128: 0 | L128: 0 | M128: 0 | N128: 0 | O128: 0 | P128: 0 | Q128: 0 | R128: 0 | S128: =H128+O128+P128+Q128+R128-(I128+J128+K128+L128+M128+N128) -> 0 | T128: =E128+O128-I128-L128 -> 0 | U128: =F128+P128-J128-M128 -> 0 | V128: =G128+Q128-K128-N128 -> 0 | W128: =IF(MIN(T128,U128,V128)<0,"NEGATIVE STOCK - CHECK ENTRIES","") | X128: 0 | Y128: 0 | Z128: =X128-Y128 -> 0 | AA128: 0 | AB128: 0 | AC128: =AA128-AB128 -> 0 | AD128: 0 | AE128: 0 | AF128: =AD128-AE128 -> 0 | AG128: 0 | AH128: 0 | AI128: =AG128-AH128 -> 0
A129: Piccolima | B129: 2500 | C129: SEED | D129: MASIFIO CUSTOM | E129: 0 | F129: 0 | G129: 0 | H129: =E129+F129+G129 -> 0 | I129: 0 | J129: 0 | K129: 0 | L129: 0 | M129: 0 | N129: 0 | O129: 0 | P129: 0 | Q129: 0 | R129: 0 | S129: =H129+O129+P129+Q129+R129-(I129+J129+K129+L129+M129+N129) -> 0 | T129: =E129+O129-I129-L129 -> 0 | U129: =F129+P129-J129-M129 -> 0 | V129: =G129+Q129-K129-N129 -> 0 | W129: =IF(MIN(T129,U129,V129)<0,"NEGATIVE STOCK - CHECK ENTRIES","") | X129: 0 | Y129: 0 | Z129: =X129-Y129 -> 0 | AA129: 0 | AB129: 0 | AC129: =AA129-AB129 -> 0 | AD129: 0 | AE129: 0 | AF129: =AD129-AE129 -> 0 | AG129: 0 | AH129: 0 | AI129: =AG129-AH129 -> 0
A130: Ponderet | B130: 1000 | C130: SEED | D130: MASIFIO CUSTOM | E130: 0 | F130: 0 | G130: 0 | H130: =E130+F130+G130 -> 0 | I130: 0 | J130: 0 | K130: 0 | L130: 0 | M130: 0 | N130: 0 | O130: 0 | P130: 0 | Q130: 0 | R130: 0 | S130: =H130+O130+P130+Q130+R130-(I130+J130+K130+L130+M130+N130) -> 0 | T130: =E130+O130-I130-L130 -> 0 | U130: =F130+P130-J130-M130 -> 0 | V130: =G130+Q130-K130-N130 -> 0 | W130: =IF(MIN(T130,U130,V130)<0,"NEGATIVE STOCK - CHECK ENTRIES","") | X130: 0 | Y130: 0 | Z130: =X130-Y130 -> 0 | AA130: 0 | AB130: 0 | AC130: =AA130-AB130 -> 0 | AD130: 0 | AE130: 0 | AF130: =AD130-AE130 -> 0 | AG130: 0 | AH130: 0 | AI130: =AG130-AH130 -> 0
A131: Primarino | B131: 100 | C131: SEED | D131: CUSTOM&TRIAL | E131: 0 | F131: 0 | G131: 0 | H131: =E131+F131+G131 -> 0 | I131: 0 | J131: 0 | K131: 0 | L131: 0 | M131: 0 | N131: 0 | O131: 0 | P131: 0 | Q131: 0 | R131: 0 | S131: =H131+O131+P131+Q131+R131-(I131+J131+K131+L131+M131+N131) -> 0 | T131: =E131+O131-I131-L131 -> 0 | U131: =F131+P131-J131-M131 -> 0 | V131: =G131+Q131-K131-N131 -> 0 | W131: =IF(MIN(T131,U131,V131)<0,"NEGATIVE STOCK - CHECK ENTRIES","") | X131: 0 | Y131: 0 | Z131: =X131-Y131 -> 0 | AA131: 0 | AB131: 0 | AC131: =AA131-AB131 -> 0 | AD131: 0 | AE131: 0 | AF131: =AD131-AE131 -> 0 | AG131: 0 | AH131: 0 | AI131: =AG131-AH131 -> 0
A132: Puntoverde | B132: 1000 | C132: SEED | D132: MASIFIO CUSTOM | E132: 0 | F132: 0 | G132: 0 | H132: =E132+F132+G132 -> 0 | I132: 0 | J132: 0 | K132: 0 | L132: 0 | M132: 0 | N132: 0 | O132: 0 | P132: 0 | Q132: 0 | R132: 0 | S132: =H132+O132+P132+Q132+R132-(I132+J132+K132+L132+M132+N132) -> 0 | T132: =E132+O132-I132-L132 -> 0 | U132: =F132+P132-J132-M132 -> 0 | V132: =G132+Q132-K132-N132 -> 0 | W132: =IF(MIN(T132,U132,V132)<0,"NEGATIVE STOCK - CHECK ENTRIES","") | X132: 0 | Y132: 0 | Z132: =X132-Y132 -> 0 | AA132: 0 | AB132: 0 | AC132: =AA132-AB132 -> 0 | AD132: 0 | AE132: 0 | AF132: =AD132-AE132 -> 0 | AG132: 0 | AH132: 0 | AI132: =AG132-AH132 -> 0
A133: Rasbora | B133: 100 | C133: SEED | D133: MASIFIO CUSTOM | E133: 0 | F133: 0 | G133: 0 | H133: =E133+F133+G133 -> 0 | I133: 0 | J133: 0 | K133: 0 | L133: 0 | M133: 0 | N133: 0 | O133: 0 | P133: 0 | Q133: 0 | R133: 0 | S133: =H133+O133+P133+Q133+R133-(I133+J133+K133+L133+M133+N133) -> 0 | T133: =E133+O133-I133-L133 -> 0 | U133: =F133+P133-J133-M133 -> 0 | V133: =G133+Q133-K133-N133 -> 0 | W133: =IF(MIN(T133,U133,V133)<0,"NEGATIVE STOCK - CHECK ENTRIES","") | X133: 0 | Y133: 0 | Z133: =X133-Y133 -> 0 | AA133: 0 | AB133: 0 | AC133: =AA133-AB133 -> 0 | AD133: 0 | AE133: 0 | AF133: =AD133-AE133 -> 0 | AG133: 0 | AH133: 0 | AI133: =AG133-AH133 -> 0
A134: Red cabbage - redma | B134: 1000 | C134: SEED | D134: COMMERCIAL | E134: 0 | F134: 0 | G134: 0 | H134: =E134+F134+G134 -> 0 | I134: 0 | J134: 0 | K134: 0 | L134: 0 | M134: 0 | N134: 0 | O134: 0 | P134: 0 | Q134: 0 | R134: 0 | S134: =H134+O134+P134+Q134+R134-(I134+J134+K134+L134+M134+N134) -> 0 | T134: =E134+O134-I134-L134 -> 0 | U134: =F134+P134-J134-M134 -> 0 | V134: =G134+Q134-K134-N134 -> 0 | W134: =IF(MIN(T134,U134,V134)<0,"NEGATIVE STOCK - CHECK ENTRIES","") | X134: 0 | Y134: 0 | Z134: =X134-Y134 -> 0 | AA134: 0 | AB134: 0 | AC134: =AA134-AB134 -> 0 | AD134: 0 | AE134: 0 | AF134: =AD134-AE134 -> 0 | AG134: 0 | AH134: 0 | AI134: =AG134-AH134 -> 0
A135: Red Tatin | B135: 100 | C135: SEED | D135: MASIFIO CUSTOM | E135: 0 | F135: 0 | G135: 0 | H135: =E135+F135+G135 -> 0 | I135: 0 | J135: 0 | K135: 0 | L135: 0 | M135: 0 | N135: 0 | O135: 0 | P135: 0 | Q135: 0 | R135: 0 | S135: =H135+O135+P135+Q135+R135-(I135+J135+K135+L135+M135+N135) -> 0 | T135: =E135+O135-I135-L135 -> 0 | U135: =F135+P135-J135-M135 -> 0 | V135: =G135+Q135-K135-N135 -> 0 | W135: =IF(MIN(T135,U135,V135)<0,"NEGATIVE STOCK - CHECK ENTRIES","") | X135: 0 | Y135: 0 | Z135: =X135-Y135 -> 0 | AA135: 0 | AB135: 0 | AC135: =AA135-AB135 -> 0 | AD135: 0 | AE135: 0 | AF135: =AD135-AE135 -> 0 | AG135: 0 | AH135: 0 | AI135: =AG135-AH135 -> 0
A136: Reggaeton | B136: 100 | C136: SEED | D136: CUSTOM&TRIAL | E136: 0 | F136: 0 | G136: 0 | H136: =E136+F136+G136 -> 0 | I136: 0 | J136: 0 | K136: 0 | L136: 0 | M136: 0 | N136: 0 | O136: 0 | P136: 0 | Q136: 0 | R136: 0 | S136: =H136+O136+P136+Q136+R136-(I136+J136+K136+L136+M136+N136) -> 0 | T136: =E136+O136-I136-L136 -> 0 | U136: =F136+P136-J136-M136 -> 0 | V136: =G136+Q136-K136-N136 -> 0 | W136: =IF(MIN(T136,U136,V136)<0,"NEGATIVE STOCK - CHECK ENTRIES","") | X136: 0 | Y136: 0 | Z136: =X136-Y136 -> 0 | AA136: 0 | AB136: 0 | AC136: =AA136-AB136 -> 0 | AD136: 0 | AE136: 0 | AF136: =AD136-AE136 -> 0 | AG136: 0 | AH136: 0 | AI136: =AG136-AH136 -> 0
A137: Rincon | B137: 1000 | C137: SEED | D137: MASIFIO CUSTOM | E137: 0 | F137: 0 | G137: 0 | H137: =E137+F137+G137 -> 0 | I137: 0 | J137: 0 | K137: 0 | L137: 0 | M137: 0 | N137: 0 | O137: 0 | P137: 0 | Q137: 0 | R137: 0 | S137: =H137+O137+P137+Q137+R137-(I137+J137+K137+L137+M137+N137) -> 0 | T137: =E137+O137-I137-L137 -> 0 | U137: =F137+P137-J137-M137 -> 0 | V137: =G137+Q137-K137-N137 -> 0 | W137: =IF(MIN(T137,U137,V137)<0,"NEGATIVE STOCK - CHECK ENTRIES","") | X137: 0 | Y137: 0 | Z137: =X137-Y137 -> 0 | AA137: 0 | AB137: 0 | AC137: =AA137-AB137 -> 0 | AD137: 0 | AE137: 0 | AF137: =AD137-AE137 -> 0 | AG137: 0 | AH137: 0 | AI137: =AG137-AH137 -> 0
A138: romietto | B138: 100 | C138: SEED | D138: CUSTOM&TRIAL | E138: 0 | F138: 0 | G138: 0 | H138: =E138+F138+G138 -> 0 | I138: 0 | J138: 0 | K138: 0 | L138: 0 | M138: 0 | N138: 0 | O138: 0 | P138: 0 | Q138: 0 | R138: 0 | S138: =H138+O138+P138+Q138+R138-(I138+J138+K138+L138+M138+N138) -> 0 | T138: =E138+O138-I138-L138 -> 0 | U138: =F138+P138-J138-M138 -> 0 | V138: =G138+Q138-K138-N138 -> 0 | W138: =IF(MIN(T138,U138,V138)<0,"NEGATIVE STOCK - CHECK ENTRIES","") | X138: 0 | Y138: 0 | Z138: =X138-Y138 -> 0 | AA138: 0 | AB138: 0 | AC138: =AA138-AB138 -> 0 | AD138: 0 | AE138: 0 | AF138: =AD138-AE138 -> 0 | AG138: 0 | AH138: 0 | AI138: =AG138-AH138 -> 0
A139: Rugantino | B139: 100 | C139: SEED | D139: MASIFIO CUSTOM | E139: 0 | F139: 0 | G139: 0 | H139: =E139+F139+G139 -> 0 | I139: 0 | J139: 0 | K139: 0 | L139: 0 | M139: 0 | N139: 0 | O139: 0 | P139: 0 | Q139: 0 | R139: 0 | S139: =H139+O139+P139+Q139+R139-(I139+J139+K139+L139+M139+N139) -> 0 | T139: =E139+O139-I139-L139 -> 0 | U139: =F139+P139-J139-M139 -> 0 | V139: =G139+Q139-K139-N139 -> 0 | W139: =IF(MIN(T139,U139,V139)<0,"NEGATIVE STOCK - CHECK ENTRIES","") | X139: 0 | Y139: 0 | Z139: =X139-Y139 -> 0 | AA139: 0 | AB139: 0 | AC139: =AA139-AB139 -> 0 | AD139: 0 | AE139: 0 | AF139: =AD139-AE139 -> 0 | AG139: 0 | AH139: 0 | AI139: =AG139-AH139 -> 0
A140: Shelter | B140: 100 | C140: SEED | D140: CUSTOM&TRIAL | E140: 0 | F140: 0 | G140: 0 | H140: =E140+F140+G140 -> 0 | I140: 0 | J140: 0 | K140: 0 | L140: 0 | M140: 0 | N140: 0 | O140: 0 | P140: 0 | Q140: 0 | R140: 0 | S140: =H140+O140+P140+Q140+R140-(I140+J140+K140+L140+M140+N140) -> 0 | T140: =E140+O140-I140-L140 -> 0 | U140: =F140+P140-J140-M140 -> 0 | V140: =G140+Q140-K140-N140 -> 0 | W140: =IF(MIN(T140,U140,V140)<0,"NEGATIVE STOCK - CHECK ENTRIES","") | X140: 0 | Y140: 0 | Z140: =X140-Y140 -> 0 | AA140: 0 | AB140: 0 | AC140: =AA140-AB140 -> 0 | AD140: 0 | AE140: 0 | AF140: =AD140-AE140 -> 0 | AG140: 0 | AH140: 0 | AI140: =AG140-AH140 -> 0
... A144: sondela | B144: 100 | C144: SEED | D144: CUSTOM&TRIAL | E144: 0 | F144: 0 | G144: 0 | H144: =E144+F144+G144 -> 0 | I144: 0 | J144: 0 | K144: 0 | L144: 0 | M144: 0 | N144: 0 | O144: 0 | P144: 0 | Q144: 0 | R144: 0 | S144: =H144+O144+P144+Q144+R144-(I144+J144+K144+L144+M144+N144) -> 0 | T144: =E144+O144-I144-L144 -> 0 | U144: =F144+P144-J144-M144 -> 0 | V144: =G144+Q144-K144-N144 -> 0 | W144: =IF(MIN(T144,U144,V144)<0,"NEGATIVE STOCK - CHECK ENTRIES","") | X144: 0 | Y144: 0 | Z144: =X144-Y144 -> 0 | AA144: 0 | AB144: 0 | AC144: =AA144-AB144 -> 0 | AD144: 0 | AE144: 0 | AF144: =AD144-AE144 -> 0 | AG144: 0 | AH144: 0 | AI144: =AG144-AH144 -> 0
A145: Sondela | B145: 1000 | D145: COMMERCIAL | E145: 0 | F145: 0 | G145: 0 | H145: =E145+F145+G145 -> 0 | I145: 0 | J145: 0 | K145: 0 | L145: 0 | M145: 0 | N145: 0 | O145: 0 | P145: 0 | Q145: 0 | R145: 0 | S145: =H145+O145+P145+Q145+R145-(I145+J145+K145+L145+M145+N145) -> 0 | T145: =E145+O145-I145-L145 -> 0 | U145: =F145+P145-J145-M145 -> 0 | V145: =G145+Q145-K145-N145 -> 0 | W145: =IF(MIN(T145,U145,V145)<0,"NEGATIVE STOCK - CHECK ENTRIES","") | X145: 0 | Y145: 0 | Z145: =X145-Y145 -> 0 | AA145: 0 | AB145: 0 | AC145: =AA145-AB145 -> 0 | AD145: 0 | AE145: 0 | AF145: =AD145-AE145 -> 0 | AG145: 0 | AH145: 0 | AI145: =AG145-AH145 -> 0
A146: sungari | B146: 1000 | C146: SEED | D146: MASIFIO CUSTOM | E146: 0 | F146: 0 | G146: 0 | H146: =E146+F146+G146 -> 0 | I146: 0 | J146: 0 | K146: 0 | L146: 0 | M146: 0 | N146: 0 | O146: 0 | P146: 0 | Q146: 0 | R146: 0 | S146: =H146+O146+P146+Q146+R146-(I146+J146+K146+L146+M146+N146) -> 0 | T146: =E146+O146-I146-L146 -> 0 | U146: =F146+P146-J146-M146 -> 0 | V146: =G146+Q146-K146-N146 -> 0 | W146: =IF(MIN(T146,U146,V146)<0,"NEGATIVE STOCK - CHECK ENTRIES","") | X146: 0 | Y146: 0 | Z146: =X146-Y146 -> 0 | AA146: 0 | AB146: 0 | AC146: =AA146-AB146 -> 0 | AD146: 0 | AE146: 0 | AF146: =AD146-AE146 -> 0 | AG146: 0 | AH146: 0 | AI146: =AG146-AH146 -> 0
A147: Sweet pepper ILANGA RZ F9 | B147: 100 | C147: SEED | D147: COMMERCIAL | E147: 639 | F147: 114 | G147: 6 | H147: =E147+F147+G147 -> 759 | I147: 8 | J147: 20 | K147: 0 | L147: 4 | M147: 0 | N147: 0 | O147: 0 | P147: 0 | Q147: 0 | R147: 0 | S147: =H147+O147+P147+Q147+R147-(I147+J147+K147+L147+M147+N147) -> 727 | T147: =E147+O147-I147-L147 -> 627 | U147: =F147+P147-J147-M147 -> 94 | V147: =G147+Q147-K147-N147 -> 6 | W147: =IF(MIN(T147,U147,V147)<0,"NEGATIVE STOCK - CHECK ENTRIES","") | X147: 0 | Y147: 0 | Z147: =X147-Y147 -> 0 | AA147: 0 | AB147: 0 | AC147: =AA147-AB147 -> 0 | AD147: 0 | AE147: 0 | AF147: =AD147-AE147 -> 0 | AG147: 0 | AH147: 0 | AI147: =AG147-AH147 -> 0
A148: Sweet pepper MASSILIA RZ F6 | B148: 100 | C148: SEED | D148: COMMERCIAL | E148: 0 | F148: 0 | G148: 0 | H148: =E148+F148+G148 -> 0 | I148: 0 | J148: 0 | K148: 0 | L148: 0 | M148: 0 | N148: 0 | O148: 0 | P148: 0 | Q148: 0 | R148: 0 | S148: =H148+O148+P148+Q148+R148-(I148+J148+K148+L148+M148+N148) -> 0 | T148: =E148+O148-I148-L148 -> 0 | U148: =F148+P148-J148-M148 -> 0 | V148: =G148+Q148-K148-N148 -> 0 | W148: =IF(MIN(T148,U148,V148)<0,"NEGATIVE STOCK - CHECK ENTRIES","") | X148: 0 | Y148: 0 | Z148: =X148-Y148 -> 0 | AA148: 0 | AB148: 0 | AC148: =AA148-AB148 -> 0 | AD148: 0 | AE148: 0 | AF148: =AD148-AE148 -> 0 | AG148: 0 | AH148: 0 | AI148: =AG148-AH148 -> 0
A149: Sweet pepper PASARELLA RZ F8 | B149: 100 | C149: SEED | D149: COMMERCIAL | E149: 343 | F149: 118 | G149: 54 | H149: =E149+F149+G149 -> 515 | I149: 23 | J149: 56 | K149: 7 | L149: 4 | M149: 0 | N149: 0 | O149: 0 | P149: 0 | Q149: 0 | R149: 0 | S149: =H149+O149+P149+Q149+R149-(I149+J149+K149+L149+M149+N149) -> 425 | T149: =E149+O149-I149-L149 -> 316 | U149: =F149+P149-J149-M149 -> 62 | V149: =G149+Q149-K149-N149 -> 47 | W149: =IF(MIN(T149,U149,V149)<0,"NEGATIVE STOCK - CHECK ENTRIES","") | X149: 0 | Y149: 0 | Z149: =X149-Y149 -> 0 | AA149: 0 | AB149: 0 | AC149: =AA149-AB149 -> 0 | AD149: 0 | AE149: 0 | AF149: =AD149-AE149 -> 0 | AG149: 0 | AH149: 0 | AI149: =AG149-AH149 -> 0
A150: Sweet pepper RED JET RZ F8 | B150: 500 | C150: SEED | D150: COMMERCIAL | E150: 10 | F150: 1 | G150: 0 | H150: =E150+F150+G150 -> 11 | I150: 0 | J150: 0 | K150: 0 | L150: 0 | M150: 0 | N150: 0 | O150: 0 | P150: 0 | Q150: 0 | R150: 0 | S150: =H150+O150+P150+Q150+R150-(I150+J150+K150+L150+M150+N150) -> 11 | T150: =E150+O150-I150-L150 -> 10 | U150: =F150+P150-J150-M150 -> 1 | V150: =G150+Q150-K150-N150 -> 0 | W150: =IF(MIN(T150,U150,V150)<0,"NEGATIVE STOCK - CHECK ENTRIES","") | X150: 0 | Y150: 0 | Z150: =X150-Y150 -> 0 | AA150: 0 | AB150: 0 | AC150: =AA150-AB150 -> 0 | AD150: 0 | AE150: 0 | AF150: =AD150-AE150 -> 0 | AG150: 0 | AH150: 0 | AI150: =AG150-AH150 -> 0
A151: Sweet pepper RED JET RZ F9 | B151: 100 | C151: SEED | D151: COMMERCIAL | E151: 5 | F151: 179 | G151: 2 | H151: =E151+F151+G151 -> 186 | I151: 0 | J151: 2 | K151: 0 | L151: 1 | M151: 0 | N151: 0 | O151: 0 | P151: 0 | Q151: 0 | R151: 0 | S151: =H151+O151+P151+Q151+R151-(I151+J151+K151+L151+M151+N151) -> 183 | T151: =E151+O151-I151-L151 -> 4 | U151: =F151+P151-J151-M151 -> 177 | V151: =G151+Q151-K151-N151 -> 2 | W151: =IF(MIN(T151,U151,V151)<0,"NEGATIVE STOCK - CHECK ENTRIES","") | X151: 0 | Y151: 0 | Z151: =X151-Y151 -> 0 | AA151: 0 | AB151: 0 | AC151: =AA151-AB151 -> 0 | AD151: 0 | AE151: 0 | AF151: =AD151-AE151 -> 0 | AG151: 0 | AH151: 0 | AI151: =AG151-AH151 -> 0
A152: Sweet pepper Reggaeton | B152: 100 | C152: SEED | D152: COMMERCIAL | E152: 311 | F152: 98 | G152: 67 | H152: =E152+F152+G152 -> 476 | I152: 13 | J152: 35 | K152: 1 | L152: 0 | M152: 0 | N152: 0 | O152: 0 | P152: 0 | Q152: 0 | R152: 0 | S152: =H152+O152+P152+Q152+R152-(I152+J152+K152+L152+M152+N152) -> 427 | T152: =E152+O152-I152-L152 -> 298 | U152: =F152+P152-J152-M152 -> 63 | V152: =G152+Q152-K152-N152 -> 66 | W152: =IF(MIN(T152,U152,V152)<0,"NEGATIVE STOCK - CHECK ENTRIES","") | X152: 0 | Y152: 0 | Z152: =X152-Y152 -> 0 | AA152: 0 | AB152: 0 | AC152: =AA152-AB152 -> 0 | AD152: 0 | AE152: 0 | AF152: =AD152-AE152 -> 0 | AG152: 0 | AH152: 0 | AI152: =AG152-AH152 -> 0
A153: Sweet pepper Snack Triora | B153: 100 | C153: SEED | D153: COMMERCIAL | E153: 13 | F153: 0 | G153: 0 | H153: =E153+F153+G153 -> 13 | I153: 0 | J153: 0 | K153: 0 | L153: 0 | M153: 0 | N153: 0 | O153: 0 | P153: 0 | Q153: 0 | R153: 0 | S153: =H153+O153+P153+Q153+R153-(I153+J153+K153+L153+M153+N153) -> 13 | T153: =E153+O153-I153-L153 -> 13 | U153: =F153+P153-J153-M153 -> 0 | V153: =G153+Q153-K153-N153 -> 0 | W153: =IF(MIN(T153,U153,V153)<0,"NEGATIVE STOCK - CHECK ENTRIES","") | X153: 0 | Y153: 0 | Z153: =X153-Y153 -> 0 | AA153: 0 | AB153: 0 | AC153: =AA153-AB153 -> 0 | AD153: 0 | AE153: 0 | AF153: =AD153-AE153 -> 0 | AG153: 0 | AH153: 0 | AI153: =AG153-AH153 -> 0
A154: Sweet pepper Snack Triyello | B154: 100 | C154: SEED | D154: COMMERCIAL | E154: 13 | F154: 0 | G154: 0 | H154: =E154+F154+G154 -> 13 | I154: 0 | J154: 0 | K154: 0 | L154: 0 | M154: 0 | N154: 0 | O154: 0 | P154: 0 | Q154: 0 | R154: 0 | S154: =H154+O154+P154+Q154+R154-(I154+J154+K154+L154+M154+N154) -> 13 | T154: =E154+O154-I154-L154 -> 13 | U154: =F154+P154-J154-M154 -> 0 | V154: =G154+Q154-K154-N154 -> 0 | W154: =IF(MIN(T154,U154,V154)<0,"NEGATIVE STOCK - CHECK ENTRIES","") | X154: 0 | Y154: 0 | Z154: =X154-Y154 -> 0 | AA154: 0 | AB154: 0 | AC154: =AA154-AB154 -> 0 | AD154: 0 | AE154: 0 | AF154: =AD154-AE154 -> 0 | AG154: 0 | AH154: 0 | AI154: =AG154-AH154 -> 0
A155: Swisschard charsano | B155: 10000 | C155: SEED | D155: COMMERCIAL | E155: 0 | F155: 0 | G155: 0 | H155: =E155+F155+G155 -> 0 | I155: 0 | J155: 0 | K155: 0 | L155: 0 | M155: 0 | N155: 0 | O155: 0 | P155: 0 | Q155: 0 | R155: 0 | S155: =H155+O155+P155+Q155+R155-(I155+J155+K155+L155+M155+N155) -> 0 | T155: =E155+O155-I155-L155 -> 0 | U155: =F155+P155-J155-M155 -> 0 | V155: =G155+Q155-K155-N155 -> 0 | W155: =IF(MIN(T155,U155,V155)<0,"NEGATIVE STOCK - CHECK ENTRIES","") | X155: 0 | Y155: 0 | Z155: =X155-Y155 -> 0 | AA155: 0 | AB155: 0 | AC155: =AA155-AB155 -> 0 | AD155: 0 | AE155: 0 | AF155: =AD155-AE155 -> 0 | AG155: 0 | AH155: 0 | AI155: =AG155-AH155 -> 0
A156: Tacoma | B156: 1000 | C156: SEED | D156: CUSTOM&TRIAL | E156: 0 | F156: 0 | G156: 0 | H156: =E156+F156+G156 -> 0 | I156: 0 | J156: 0 | K156: 0 | L156: 0 | M156: 0 | N156: 0 | O156: 0 | P156: 0 | Q156: 0 | R156: 0 | S156: =H156+O156+P156+Q156+R156-(I156+J156+K156+L156+M156+N156) -> 0 | T156: =E156+O156-I156-L156 -> 0 | U156: =F156+P156-J156-M156 -> 0 | V156: =G156+Q156-K156-N156 -> 0 | W156: =IF(MIN(T156,U156,V156)<0,"NEGATIVE STOCK - CHECK ENTRIES","") | X156: 0 | Y156: 0 | Z156: =X156-Y156 -> 0 | AA156: 0 | AB156: 0 | AC156: =AA156-AB156 -> 0 | AD156: 0 | AE156: 0 | AF156: =AD156-AE156 -> 0 | AG156: 0 | AH156: 0 | AI156: =AG156-AH156 -> 0
A157: Tahoe | B157: 1000 | C157: SEED | D157: CUSTOM&TRIAL | E157: 0 | F157: 0 | G157: 0 | H157: =E157+F157+G157 -> 0 | I157: 0 | J157: 0 | K157: 0 | L157: 0 | M157: 0 | N157: 0 | O157: 0 | P157: 0 | Q157: 0 | R157: 0 | S157: =H157+O157+P157+Q157+R157-(I157+J157+K157+L157+M157+N157) -> 0 | T157: =E157+O157-I157-L157 -> 0 | U157: =F157+P157-J157-M157 -> 0 | V157: =G157+Q157-K157-N157 -> 0 | W157: =IF(MIN(T157,U157,V157)<0,"NEGATIVE STOCK - CHECK ENTRIES","") | X157: 0 | Y157: 0 | Z157: =X157-Y157 -> 0 | AA157: 0 | AB157: 0 | AC157: =AA157-AB157 -> 0 | AD157: 0 | AE157: 0 | AF157: =AD157-AE157 -> 0 | AG157: 0 | AH157: 0 | AI157: =AG157-AH157 -> 0
... A164: Tomato GAMHAR RZ F7 | B164: 100 | C164: SEED | D164: COMMERCIAL | E164: 814 | F164: 0 | G164: 79 | H164: =E164+F164+G164 -> 893 | I164: 0 | J164: 0 | K164: 41 | L164: 0 | M164: 0 | N164: 0 | O164: 0 | P164: 0 | Q164: 0 | R164: 0 | S164: =H164+O164+P164+Q164+R164-(I164+J164+K164+L164+M164+N164) -> 852 | T164: =E164+O164-I164-L164 -> 814 | U164: =F164+P164-J164-M164 -> 0 | V164: =G164+Q164-K164-N164 -> 38 | W164: =IF(MIN(T164,U164,V164)<0,"NEGATIVE STOCK - CHECK ENTRIES","") | X164: 0 | Y164: 0 | Z164: =X164-Y164 -> 0 | AA164: 0 | AB164: 0 | AC164: =AA164-AB164 -> 0 | AD164: 0 | AE164: 0 | AF164: =AD164-AE164 -> 0 | AG164: 0 | AH164: 0 | AI164: =AG164-AH164 -> 0
A165: Tomato GAMHAR RZ F7 | B165: 1000 | C165: SEED | D165: COMMERCIAL | E165: 480 | F165: 168 | G165: 7 | H165: =E165+F165+G165 -> 655 | I165: 0 | J165: 21 | K165: 0 | L165: 0 | M165: 6 | N165: 0 | O165: 0 | P165: 0 | Q165: 0 | R165: 0 | S165: =H165+O165+P165+Q165+R165-(I165+J165+K165+L165+M165+N165) -> 628 | T165: =E165+O165-I165-L165 -> 480 | U165: =F165+P165-J165-M165 -> 141 | V165: =G165+Q165-K165-N165 -> 7 | W165: =IF(MIN(T165,U165,V165)<0,"NEGATIVE STOCK - CHECK ENTRIES","") | X165: 0 | Y165: 0 | Z165: =X165-Y165 -> 0 | AA165: 0 | AB165: 0 | AC165: =AA165-AB165 -> 0 | AD165: 0 | AE165: 0 | AF165: =AD165-AE165 -> 0 | AG165: 0 | AH165: 0 | AI165: =AG165-AH165 -> 0 | AJ165: 6 MORO TO FAIR AGRO AS PROMO
A166: Tomato GAMHAR RZ F7 | B166: 500 | C166: SEED | D166: COMMERCIAL | E166: 110 | F166: 0 | G166: 0 | H166: =E166+F166+G166 -> 110 | I166: 0 | J166: 0 | K166: 0 | L166: 0 | M166: 0 | N166: 0 | O166: 0 | P166: 0 | Q166: 0 | R166: 0 | S166: =H166+O166+P166+Q166+R166-(I166+J166+K166+L166+M166+N166) -> 110 | T166: =E166+O166-I166-L166 -> 110 | U166: =F166+P166-J166-M166 -> 0 | V166: =G166+Q166-K166-N166 -> 0 | W166: =IF(MIN(T166,U166,V166)<0,"NEGATIVE STOCK - CHECK ENTRIES","") | X166: 0 | Y166: 0 | Z166: =X166-Y166 -> 0 | AA166: 0 | AB166: 0 | AC166: =AA166-AB166 -> 0 | AD166: 0 | AE166: 0 | AF166: =AD166-AE166 -> 0 | AG166: 0 | AH166: 0 | AI166: =AG166-AH166 -> 0
A167: Tomato JARRAH RZ F2 | B167: 1000 | C167: SEED | D167: COMMERCIAL | E167: 5 | F167: 0 | G167: 22 | H167: =E167+F167+G167 -> 27 | I167: 0 | J167: 0 | K167: 0 | L167: 0 | M167: 0 | N167: 0 | O167: 0 | P167: 0 | Q167: 0 | R167: 0 | S167: =H167+O167+P167+Q167+R167-(I167+J167+K167+L167+M167+N167) -> 27 | T167: =E167+O167-I167-L167 -> 5 | U167: =F167+P167-J167-M167 -> 0 | V167: =G167+Q167-K167-N167 -> 22 | W167: =IF(MIN(T167,U167,V167)<0,"NEGATIVE STOCK - CHECK ENTRIES","") | X167: 0 | Y167: 0 | Z167: =X167-Y167 -> 0 | AA167: 0 | AB167: 0 | AC167: =AA167-AB167 -> 0 | AD167: 0 | AE167: 0 | AF167: =AD167-AE167 -> 0 | AG167: 0 | AH167: 0 | AI167: =AG167-AH167 -> 0
A168: Tomato JARRAH RZ F3 | B168: 100 | C168: SEED | D168: COMMERCIAL | E168: 353 | F168: 642 | G168: 215 | H168: =E168+F168+G168 -> 1210 | I168: 0 | J168: 0 | K168: 0 | L168: 0 | M168: 0 | N168: 0 | O168: 0 | P168: 0 | Q168: 0 | R168: 0 | S168: =H168+O168+P168+Q168+R168-(I168+J168+K168+L168+M168+N168) -> 1210 | T168: =E168+O168-I168-L168 -> 353 | U168: =F168+P168-J168-M168 -> 642 | V168: =G168+Q168-K168-N168 -> 215 | W168: =IF(MIN(T168,U168,V168)<0,"NEGATIVE STOCK - CHECK ENTRIES","") | X168: 0 | Y168: 0 | Z168: =X168-Y168 -> 0 | AA168: 0 | AB168: 0 | AC168: =AA168-AB168 -> 0 | AD168: 0 | AE168: 0 | AF168: =AD168-AE168 -> 0 | AG168: 0 | AH168: 0 | AI168: =AG168-AH168 -> 0
A169: Tomato MONTEAZUL RZ F3 | B169: 100 | C169: SEED | D169: COMMERCIAL | E169: 0 | F169: 9 | G169: 0 | H169: =E169+F169+G169 -> 9 | I169: 0 | J169: 0 | K169: 0 | L169: 0 | M169: 0 | N169: 0 | O169: 0 | P169: 0 | Q169: 0 | R169: 0 | S169: =H169+O169+P169+Q169+R169-(I169+J169+K169+L169+M169+N169) -> 9 | T169: =E169+O169-I169-L169 -> 0 | U169: =F169+P169-J169-M169 -> 9 | V169: =G169+Q169-K169-N169 -> 0 | W169: =IF(MIN(T169,U169,V169)<0,"NEGATIVE STOCK - CHECK ENTRIES","") | X169: 0 | Y169: 0 | Z169: =X169-Y169 -> 0 | AA169: 0 | AB169: 0 | AC169: =AA169-AB169 -> 0 | AD169: 0 | AE169: 0 | AF169: =AD169-AE169 -> 0 | AG169: 0 | AH169: 0 | AI169: =AG169-AH169 -> 0
A170: Tomato PRIMARINO RZ F6 | B170: 100 | C170: SEED | D170: COMMERCIAL | E170: 41 | F170: 5 | G170: 4 | H170: =E170+F170+G170 -> 50 | I170: 0 | J170: 0 | K170: 3 | L170: 0 | M170: 0 | N170: 0 | O170: 0 | P170: 0 | Q170: 0 | R170: 0 | S170: =H170+O170+P170+Q170+R170-(I170+J170+K170+L170+M170+N170) -> 47 | T170: =E170+O170-I170-L170 -> 41 | U170: =F170+P170-J170-M170 -> 5 | V170: =G170+Q170-K170-N170 -> 1 | W170: =IF(MIN(T170,U170,V170)<0,"NEGATIVE STOCK - CHECK ENTRIES","") | X170: 0 | Y170: 0 | Z170: =X170-Y170 -> 0 | AA170: 0 | AB170: 0 | AC170: =AA170-AB170 -> 0 | AD170: 0 | AE170: 0 | AF170: =AD170-AE170 -> 0 | AG170: 0 | AH170: 0 | AI170: =AG170-AH170 -> 0
A171: Tomato UWEZO RZ F4 | B171: 100 | C171: SEED | D171: COMMERCIAL | E171: 318 | F171: 48 | G171: 48 | H171: =E171+F171+G171 -> 414 | I171: 0 | J171: 1 | K171: 6 | L171: 0 | M171: 0 | N171: 0 | O171: 0 | P171: 0 | Q171: 0 | R171: 0 | S171: =H171+O171+P171+Q171+R171-(I171+J171+K171+L171+M171+N171) -> 407 | T171: =E171+O171-I171-L171 -> 318 | U171: =F171+P171-J171-M171 -> 47 | V171: =G171+Q171-K171-N171 -> 42 | W171: =IF(MIN(T171,U171,V171)<0,"NEGATIVE STOCK - CHECK ENTRIES","") | X171: 0 | Y171: 0 | Z171: =X171-Y171 -> 0 | AA171: 0 | AB171: 0 | AC171: =AA171-AB171 -> 0 | AD171: 0 | AE171: 0 | AF171: =AD171-AE171 -> 0 | AG171: 0 | AH171: 0 | AI171: =AG171-AH171 -> 0
A172: Tomato VALOURO RZ F1 | B172: 100 | C172: SEED | D172: COMMERCIAL | E172: 37 | F172: 1 | G172: 0 | H172: =E172+F172+G172 -> 38 | I172: 0 | J172: 0 | K172: 0 | L172: 0 | M172: 0 | N172: 0 | O172: 0 | P172: 0 | Q172: 0 | R172: 0 | S172: =H172+O172+P172+Q172+R172-(I172+J172+K172+L172+M172+N172) -> 38 | T172: =E172+O172-I172-L172 -> 37 | U172: =F172+P172-J172-M172 -> 1 | V172: =G172+Q172-K172-N172 -> 0 | W172: =IF(MIN(T172,U172,V172)<0,"NEGATIVE STOCK - CHECK ENTRIES","") | X172: 0 | Y172: 0 | Z172: =X172-Y172 -> 0 | AA172: 0 | AB172: 0 | AC172: =AA172-AB172 -> 0 | AD172: 0 | AE172: 0 | AF172: =AD172-AE172 -> 0 | AG172: 0 | AH172: 0 | AI172: =AG172-AH172 -> 0
A173: Toughma | B173: 1000 | C173: SEED | D173: CUSTOM&TRIAL | E173: 0 | F173: 0 | G173: 0 | H173: =E173+F173+G173 -> 0 | I173: 0 | J173: 0 | K173: 0 | L173: 0 | M173: 0 | N173: 0 | O173: 0 | P173: 0 | Q173: 0 | R173: 0 | S173: =H173+O173+P173+Q173+R173-(I173+J173+K173+L173+M173+N173) -> 0 | T173: =E173+O173-I173-L173 -> 0 | U173: =F173+P173-J173-M173 -> 0 | V173: =G173+Q173-K173-N173 -> 0 | W173: =IF(MIN(T173,U173,V173)<0,"NEGATIVE STOCK - CHECK ENTRIES","") | X173: 0 | Y173: 0 | Z173: =X173-Y173 -> 0 | AA173: 0 | AB173: 0 | AC173: =AA173-AB173 -> 0 | AD173: 0 | AE173: 0 | AF173: =AD173-AE173 -> 0 | AG173: 0 | AH173: 0 | AI173: =AG173-AH173 -> 0
A174: tourbillion | B174: 1000 | C174: SEED | D174: MASIFIO CUSTOM | E174: 0 | F174: 0 | G174: 0 | H174: =E174+F174+G174 -> 0 | I174: 0 | J174: 0 | K174: 0 | L174: 0 | M174: 0 | N174: 0 | O174: 0 | P174: 0 | Q174: 0 | R174: 0 | S174: =H174+O174+P174+Q174+R174-(I174+J174+K174+L174+M174+N174) -> 0 | T174: =E174+O174-I174-L174 -> 0 | U174: =F174+P174-J174-M174 -> 0 | V174: =G174+Q174-K174-N174 -> 0 | W174: =IF(MIN(T174,U174,V174)<0,"NEGATIVE STOCK - CHECK ENTRIES","") | X174: 0 | Y174: 0 | Z174: =X174-Y174 -> 0 | AA174: 0 | AB174: 0 | AC174: =AA174-AB174 -> 0 | AD174: 0 | AE174: 0 | AF174: =AD174-AE174 -> 0 | AG174: 0 | AH174: 0 | AI174: =AG174-AH174 -> 0
A175: Tralex | B175: 1000 | C175: SEED | D175: MASIFIO CUSTOM | E175: 0 | F175: 0 | G175: 0 | H175: =E175+F175+G175 -> 0 | I175: 0 | J175: 0 | K175: 0 | L175: 0 | M175: 0 | N175: 0 | O175: 0 | P175: 0 | Q175: 0 | R175: 0 | S175: =H175+O175+P175+Q175+R175-(I175+J175+K175+L175+M175+N175) -> 0 | T175: =E175+O175-I175-L175 -> 0 | U175: =F175+P175-J175-M175 -> 0 | V175: =G175+Q175-K175-N175 -> 0 | W175: =IF(MIN(T175,U175,V175)<0,"NEGATIVE STOCK - CHECK ENTRIES","") | X175: 0 | Y175: 0 | Z175: =X175-Y175 -> 0 | AA175: 0 | AB175: 0 | AC175: =AA175-AB175 -> 0 | AD175: 0 | AE175: 0 | AF175: =AD175-AE175 -> 0 | AG175: 0 | AH175: 0 | AI175: =AG175-AH175 -> 0
A176: trambelinno | B176: 100 | C176: SEED | D176: CUSTOM&TRIAL | E176: 0 | F176: 0 | G176: 0 | H176: =E176+F176+G176 -> 0 | I176: 0 | J176: 0 | K176: 0 | L176: 0 | M176: 0 | N176: 0 | O176: 0 | P176: 0 | Q176: 0 | R176: 0 | S176: =H176+O176+P176+Q176+R176-(I176+J176+K176+L176+M176+N176) -> 0 | T176: =E176+O176-I176-L176 -> 0 | U176: =F176+P176-J176-M176 -> 0 | V176: =G176+Q176-K176-N176 -> 0 | W176: =IF(MIN(T176,U176,V176)<0,"NEGATIVE STOCK - CHECK ENTRIES","") | X176: 0 | Y176: 0 | Z176: =X176-Y176 -> 0 | AA176: 0 | AB176: 0 | AC176: =AA176-AB176 -> 0 | AD176: 0 | AE176: 0 | AF176: =AD176-AE176 -> 0 | AG176: 0 | AH176: 0 | AI176: =AG176-AH176 -> 0
A177: Trianum | B177: 500g | C177: SEED | D177: COMMERCIAL | E177: 4 | F177: 0 | G177: 0 | H177: =E177+F177+G177 -> 4 | I177: 0 | J177: 0 | K177: 0 | L177: 0 | M177: 0 | N177: 0 | O177: 0 | P177: 0 | Q177: 0 | R177: 0 | S177: =H177+O177+P177+Q177+R177-(I177+J177+K177+L177+M177+N177) -> 4 | T177: =E177+O177-I177-L177 -> 4 | U177: =F177+P177-J177-M177 -> 0 | V177: =G177+Q177-K177-N177 -> 0 | W177: =IF(MIN(T177,U177,V177)<0,"NEGATIVE STOCK - CHECK ENTRIES","") | X177: 0 | Y177: 0 | Z177: =X177-Y177 -> 0 | AA177: 0 | AB177: 0 | AC177: =AA177-AB177 -> 0 | AD177: 0 | AE177: 0 | AF177: =AD177-AE177 -> 0 | AG177: 0 | AH177: 0 | AI177: =AG177-AH177 -> 0
A178: Trirosso | B178: 100 | C178: SEED | D178: MASIFIO CUSTOM | E178: 0 | F178: 0 | G178: 0 | H178: =E178+F178+G178 -> 0 | I178: 0 | J178: 0 | K178: 0 | L178: 0 | M178: 0 | N178: 0 | O178: 0 | P178: 0 | Q178: 0 | R178: 0 | S178: =H178+O178+P178+Q178+R178-(I178+J178+K178+L178+M178+N178) -> 0 | T178: =E178+O178-I178-L178 -> 0 | U178: =F178+P178-J178-M178 -> 0 | V178: =G178+Q178-K178-N178 -> 0 | W178: =IF(MIN(T178,U178,V178)<0,"NEGATIVE STOCK - CHECK ENTRIES","") | X178: 0 | Y178: 0 | Z178: =X178-Y178 -> 0 | AA178: 0 | AB178: 0 | AC178: =AA178-AB178 -> 0 | AD178: 0 | AE178: 0 | AF178: =AD178-AE178 -> 0 | AG178: 0 | AH178: 0 | AI178: =AG178-AH178 -> 0
A179: Tropical Sunshine | B179: 100 | C179: SEED | D179: COMMERCIAL | E179: 81 | F179: 0 | G179: 0 | H179: =E179+F179+G179 -> 81 | I179: 0 | J179: 0 | K179: 0 | L179: 0 | M179: 0 | N179: 0 | O179: 0 | P179: 0 | Q179: 0 | R179: 0 | S179: =H179+O179+P179+Q179+R179-(I179+J179+K179+L179+M179+N179) -> 81 | T179: =E179+O179-I179-L179 -> 81 | U179: =F179+P179-J179-M179 -> 0 | V179: =G179+Q179-K179-N179 -> 0 | W179: =IF(MIN(T179,U179,V179)<0,"NEGATIVE STOCK - CHECK ENTRIES","") | X179: 0 | Y179: 0 | Z179: =X179-Y179 -> 0 | AA179: 0 | AB179: 0 | AC179: =AA179-AB179 -> 0 | AD179: 0 | AE179: 0 | AF179: =AD179-AE179 -> 0 | AG179: 0 | AH179: 0 | AI179: =AG179-AH179 -> 0
A180: twistma | B180: 1000 | C180: SEED | D180: CUSTOM&TRIAL | E180: 0 | F180: 0 | G180: 0 | H180: =E180+F180+G180 -> 0 | I180: 0 | J180: 0 | K180: 0 | L180: 0 | M180: 0 | N180: 0 | O180: 0 | P180: 0 | Q180: 0 | R180: 0 | S180: =H180+O180+P180+Q180+R180-(I180+J180+K180+L180+M180+N180) -> 0 | T180: =E180+O180-I180-L180 -> 0 | U180: =F180+P180-J180-M180 -> 0 | V180: =G180+Q180-K180-N180 -> 0 | W180: =IF(MIN(T180,U180,V180)<0,"NEGATIVE STOCK - CHECK ENTRIES","") | X180: 0 | Y180: 0 | Z180: =X180-Y180 -> 0 | AA180: 0 | AB180: 0 | AC180: =AA180-AB180 -> 0 | AD180: 0 | AE180: 0 | AF180: =AD180-AE180 -> 0 | AG180: 0 | AH180: 0 | AI180: =AG180-AH180 -> 0
A181: Ty 12 RZ | B181: 100 | C181: SEED | D181: MASIFIO CUSTOM | E181: 0 | F181: 0 | G181: 0 | H181: =E181+F181+G181 -> 0 | I181: 0 | J181: 0 | K181: 0 | L181: 0 | M181: 0 | N181: 0 | O181: 0 | P181: 0 | Q181: 0 | R181: 0 | S181: =H181+O181+P181+Q181+R181-(I181+J181+K181+L181+M181+N181) -> 0 | T181: =E181+O181-I181-L181 -> 0 | U181: =F181+P181-J181-M181 -> 0 | V181: =G181+Q181-K181-N181 -> 0 | W181: =IF(MIN(T181,U181,V181)<0,"NEGATIVE STOCK - CHECK ENTRIES","") | X181: 0 | Y181: 0 | Z181: =X181-Y181 -> 0 | AA181: 0 | AB181: 0 | AC181: =AA181-AB181 -> 0 | AD181: 0 | AE181: 0 | AF181: =AD181-AE181 -> 0 | AG181: 0 | AH181: 0 | AI181: =AG181-AH181 -> 0
A182: Ukza | B182: 1000 | C182: SEED | D182: MASIFIO CUSTOM | E182: 0 | F182: 0 | G182: 0 | H182: =E182+F182+G182 -> 0 | I182: 0 | J182: 0 | K182: 0 | L182: 0 | M182: 0 | N182: 0 | O182: 0 | P182: 0 | Q182: 0 | R182: 0 | S182: =H182+O182+P182+Q182+R182-(I182+J182+K182+L182+M182+N182) -> 0 | T182: =E182+O182-I182-L182 -> 0 | U182: =F182+P182-J182-M182 -> 0 | V182: =G182+Q182-K182-N182 -> 0 | W182: =IF(MIN(T182,U182,V182)<0,"NEGATIVE STOCK - CHECK ENTRIES","") | X182: 0 | Y182: 0 | Z182: =X182-Y182 -> 0 | AA182: 0 | AB182: 0 | AC182: =AA182-AB182 -> 0 | AD182: 0 | AE182: 0 | AF182: =AD182-AE182 -> 0 | AG182: 0 | AH182: 0 | AI182: =AG182-AH182 -> 0
A183: Uwezo | B183: 100 | C183: SEED | D183: CUSTOM&TRIAL | E183: 0 | F183: 0 | G183: 0 | H183: =E183+F183+G183 -> 0 | I183: 0 | J183: 0 | K183: 0 | L183: 0 | M183: 0 | N183: 0 | O183: 0 | P183: 0 | Q183: 0 | R183: 0 | S183: =H183+O183+P183+Q183+R183-(I183+J183+K183+L183+M183+N183) -> 0 | T183: =E183+O183-I183-L183 -> 0 | U183: =F183+P183-J183-M183 -> 0 | V183: =G183+Q183-K183-N183 -> 0 | W183: =IF(MIN(T183,U183,V183)<0,"NEGATIVE STOCK - CHECK ENTRIES","") | X183: 0 | Y183: 0 | Z183: =X183-Y183 -> 0 | AA183: 0 | AB183: 0 | AC183: =AA183-AB183 -> 0 | AD183: 0 | AE183: 0 | AF183: =AD183-AE183 -> 0 | AG183: 0 | AH183: 0 | AI183: =AG183-AH183 -> 0
A184: Valdivia | B184: 100000 | C184: SEED | D184: MASIFIO CUSTOM | E184: 0 | F184: 0 | G184: 0 | H184: =E184+F184+G184 -> 0 | I184: 0 | J184: 0 | K184: 0 | L184: 0 | M184: 0 | N184: 0 | O184: 0 | P184: 0 | Q184: 0 | R184: 0 | S184: =H184+O184+P184+Q184+R184-(I184+J184+K184+L184+M184+N184) -> 0 | T184: =E184+O184-I184-L184 -> 0 | U184: =F184+P184-J184-M184 -> 0 | V184: =G184+Q184-K184-N184 -> 0 | W184: =IF(MIN(T184,U184,V184)<0,"NEGATIVE STOCK - CHECK ENTRIES","") | X184: 0 | Y184: 0 | Z184: =X184-Y184 -> 0 | AA184: 0 | AB184: 0 | AC184: =AA184-AB184 -> 0 | AD184: 0 | AE184: 0 | AF184: =AD184-AE184 -> 0 | AG184: 0 | AH184: 0 | AI184: =AG184-AH184 -> 0
A185: valerioso | B185: 100 | C185: SEED | D185: CUSTOM&TRIAL | E185: 0 | F185: 0 | G185: 0 | H185: =E185+F185+G185 -> 0 | I185: 0 | J185: 0 | K185: 0 | L185: 0 | M185: 0 | N185: 0 | O185: 0 | P185: 0 | Q185: 0 | R185: 0 | S185: =H185+O185+P185+Q185+R185-(I185+J185+K185+L185+M185+N185) -> 0 | T185: =E185+O185-I185-L185 -> 0 | U185: =F185+P185-J185-M185 -> 0 | V185: =G185+Q185-K185-N185 -> 0 | W185: =IF(MIN(T185,U185,V185)<0,"NEGATIVE STOCK - CHECK ENTRIES","") | X185: 0 | Y185: 0 | Z185: =X185-Y185 -> 0 | AA185: 0 | AB185: 0 | AC185: =AA185-AB185 -> 0 | AD185: 0 | AE185: 0 | AF185: =AD185-AE185 -> 0 | AG185: 0 | AH185: 0 | AI185: =AG185-AH185 -> 0
A186: vicinity | B186: 1000 | C186: SEED | D186: MASIFIO CUSTOM | E186: 0 | F186: 0 | G186: 0 | H186: =E186+F186+G186 -> 0 | I186: 0 | J186: 0 | K186: 0 | L186: 0 | M186: 0 | N186: 0 | O186: 0 | P186: 0 | Q186: 0 | R186: 0 | S186: =H186+O186+P186+Q186+R186-(I186+J186+K186+L186+M186+N186) -> 0 | T186: =E186+O186-I186-L186 -> 0 | U186: =F186+P186-J186-M186 -> 0 | V186: =G186+Q186-K186-N186 -> 0 | W186: =IF(MIN(T186,U186,V186)<0,"NEGATIVE STOCK - CHECK ENTRIES","") | X186: 0 | Y186: 0 | Z186: =X186-Y186 -> 0 | AA186: 0 | AB186: 0 | AC186: =AA186-AB186 -> 0 | AD186: 0 | AE186: 0 | AF186: =AD186-AE186 -> 0 | AG186: 0 | AH186: 0 | AI186: =AG186-AH186 -> 0
A187: Webber | B187: 100000 | C187: SEED | D187: MASIFIO CUSTOM | E187: 0 | F187: 0 | G187: 0 | H187: =E187+F187+G187 -> 0 | I187: 0 | J187: 0 | K187: 0 | L187: 0 | M187: 0 | N187: 0 | O187: 0 | P187: 0 | Q187: 0 | R187: 0 | S187: =H187+O187+P187+Q187+R187-(I187+J187+K187+L187+M187+N187) -> 0 | T187: =E187+O187-I187-L187 -> 0 | U187: =F187+P187-J187-M187 -> 0 | V187: =G187+Q187-K187-N187 -> 0 | W187: =IF(MIN(T187,U187,V187)<0,"NEGATIVE STOCK - CHECK ENTRIES","") | X187: 0 | Y187: 0 | Z187: =X187-Y187 -> 0 | AA187: 0 | AB187: 0 | AC187: =AA187-AB187 -> 0 | AD187: 0 | AE187: 0 | AF187: =AD187-AE187 -> 0 | AG187: 0 | AH187: 0 | AI187: =AG187-AH187 -> 0
A188: White cabbage TOUGHMA RZ F3 | B188: 1000 | C188: SEED | D188: COMMERCIAL | E188: 14 | F188: 0 | G188: 0 | H188: =E188+F188+G188 -> 14 | I188: 0 | J188: 0 | K188: 0 | L188: 0 | M188: 0 | N188: 0 | O188: 0 | P188: 0 | Q188: 0 | R188: 0 | S188: =H188+O188+P188+Q188+R188-(I188+J188+K188+L188+M188+N188) -> 14 | T188: =E188+O188-I188-L188 -> 14 | U188: =F188+P188-J188-M188 -> 0 | V188: =G188+Q188-K188-N188 -> 0 | W188: =IF(MIN(T188,U188,V188)<0,"NEGATIVE STOCK - CHECK ENTRIES","") | X188: 0 | Y188: 0 | Z188: =X188-Y188 -> 0 | AA188: 0 | AB188: 0 | AC188: =AA188-AB188 -> 0 | AD188: 0 | AE188: 0 | AF188: =AD188-AE188 -> 0 | AG188: 0 | AH188: 0 | AI188: =AG188-AH188 -> 0
A189: White cabbage-Bluesma | B189: 1000 | C189: SEED | D189: COMMERCIAL | E189: 0 | F189: 29 | G189: 1 | H189: =E189+F189+G189 -> 30 | I189: 0 | J189: 0 | K189: 0 | L189: 0 | M189: 0 | N189: 0 | O189: 0 | P189: 0 | Q189: 0 | R189: 0 | S189: =H189+O189+P189+Q189+R189-(I189+J189+K189+L189+M189+N189) -> 30 | T189: =E189+O189-I189-L189 -> 0 | U189: =F189+P189-J189-M189 -> 29 | V189: =G189+Q189-K189-N189 -> 1 | W189: =IF(MIN(T189,U189,V189)<0,"NEGATIVE STOCK - CHECK ENTRIES","") | X189: 0 | Y189: 0 | Z189: =X189-Y189 -> 0 | AA189: 0 | AB189: 0 | AC189: =AA189-AB189 -> 0 | AD189: 0 | AE189: 0 | AF189: =AD189-AE189 -> 0 | AG189: 0 | AH189: 0 | AI189: =AG189-AH189 -> 0
... A197: Zanardi | B197: 100000 | C197: SEED | D197: CUSTOM&TRIAL | E197: 0 | F197: 0 | G197: 0 | H197: =E197+F197+G197 -> 0 | I197: 0 | J197: 0 | K197: 0 | L197: 0 | M197: 0 | N197: 0 | O197: 0 | P197: 0 | Q197: 0 | R197: 0 | S197: =H197+O197+P197+Q197+R197-(I197+J197+K197+L197+M197+N197) -> 0 | T197: =E197+O197-I197-L197 -> 0 | U197: =F197+P197-J197-M197 -> 0 | V197: =G197+Q197-K197-N197 -> 0 | W197: =IF(MIN(T197,U197,V197)<0,"NEGATIVE STOCK - CHECK ENTRIES","") | X197: 0 | Y197: 0 | Z197: =X197-Y197 -> 0 | AA197: 0 | AB197: 0 | AC197: =AA197-AB197 -> 0 | AD197: 0 | AE197: 0 | AF197: =AD197-AE197 -> 0 | AG197: 0 | AH197: 0 | AI197: =AG197-AH197 -> 0
A198: Zarnadi | B198: 100000 | D198: COMMERCIAL | E198: 0 | F198: 0 | G198: 0 | H198: =E198+F198+G198 -> 0 | I198: 0 | J198: 0 | K198: 0 | L198: 0 | M198: 0 | N198: 0 | O198: 0 | P198: 0 | Q198: 0 | R198: 0 | S198: =H198+O198+P198+Q198+R198-(I198+J198+K198+L198+M198+N198) -> 0 | T198: =E198+O198-I198-L198 -> 0 | U198: =F198+P198-J198-M198 -> 0 | V198: =G198+Q198-K198-N198 -> 0 | W198: =IF(MIN(T198,U198,V198)<0,"NEGATIVE STOCK - CHECK ENTRIES","") | X198: 0 | Y198: 0 | Z198: =X198-Y198 -> 0 | AA198: 0 | AB198: 0 | AC198: =AA198-AB198 -> 0 | AD198: 0 | AE198: 0 | AF198: =AD198-AE198 -> 0 | AG198: 0 | AH198: 0 | AI198: =AG198-AH198 -> 0
A199: zeppo | B199: 25000 | C199: SEED | D199: CUSTOM&TRIAL | E199: 0 | F199: 0 | G199: 0 | H199: =E199+F199+G199 -> 0 | I199: 0 | J199: 0 | K199: 0 | L199: 0 | M199: 0 | N199: 0 | O199: 0 | P199: 0 | Q199: 0 | R199: 0 | S199: =H199+O199+P199+Q199+R199-(I199+J199+K199+L199+M199+N199) -> 0 | T199: =E199+O199-I199-L199 -> 0 | U199: =F199+P199-J199-M199 -> 0 | V199: =G199+Q199-K199-N199 -> 0 | W199: =IF(MIN(T199,U199,V199)<0,"NEGATIVE STOCK - CHECK ENTRIES","") | X199: 0 | Y199: 0 | Z199: =X199-Y199 -> 0 | AA199: 0 | AB199: 0 | AC199: =AA199-AB199 -> 0 | AD199: 0 | AE199: 0 | AF199: =AD199-AE199 -> 0 | AG199: 0 | AH199: 0 | AI199: =AG199-AH199 -> 0

Sheet 3-july2026
A1: PRODUCT | E1: WAREHOUSE STOCK - OPENING | I1: WEEKLY MOVEMENT (manual entry) | S1: WAREHOUSE STOCK - CLOSING | W1: ALERT | X1: BRANCH DISTRIBUTION (Dar / Dodoma / Iringa / Manyara) | AJ1: NOTES
A2: Product | B2: Pack Size | C2: Category | D2: Type | E2: Opening Arusha | F2: Opening Moro | G2: Opening Dar | H2: Total Qty - Week Start | I2: Sales Arusha | J2: Sales Moro | K2: Sales Dar | L2: Stock Out Arusha | M2: Stock Out Moro | N2: Stock Out Dar | O2: Stock In Arusha | P2: Stock In Moro | Q2: Stock In Dar | R2: Stock In Dodoma | S2: Total Qty - Week End | T2: Closing Arusha | U2: Closing Moro | V2: Closing Dar | W2: Stock Alert | X2: Sent Dar | Y2: Sold Dar | Z2: Not Sold Dar | AA2: Sent Dodoma | AB2: Sold Dodoma | AC2: Not Sold Dodoma | AD2: Sent Iringa | AE2: Sold Iringa | AF2: Not Sold Iringa | AG2: Sent Manyara | AH2: Sold Manyara | AI2: Not Sold Manyara | AJ2: Remarks
A3: 30-WC773 | B3: 1000 | C3: SEED | D3: COMMERCIAL | E3: 0 | F3: 0 | G3: 0 | H3: =E3+F3+G3 -> 0 | I3: 0 | J3: 0 | K3: 0 | L3: 0 | M3: 0 | N3: 0 | O3: 0 | P3: 0 | Q3: 0 | R3: 0 | S3: =H3+O3+P3+Q3+R3-(I3+J3+K3+L3+M3+N3) -> 0 | T3: =E3+O3-I3-L3 -> 0 | U3: =F3+P3-J3-M3 -> 0 | V3: =G3+Q3-K3-N3 -> 0 | W3: =IF(MIN(T3,U3,V3)<0,"NEGATIVE STOCK - CHECK ENTRIES","") | X3: 0 | Y3: 0 | Z3: =X3-Y3 -> 0 | AA3: 0 | AB3: 0 | AC3: =AA3-AB3 -> 0 | AD3: 0 | AE3: 0 | AF3: =AD3-AE3 -> 0 | AG3: 0 | AH3: 0 | AI3: =AG3-AH3 -> 0
A4: Afadja | B4: 500 | C4: SEED | D4: CUSTOM&TRIAL | E4: 0 | F4: 0 | G4: 0 | H4: =E4+F4+G4 -> 0 | I4: 0 | J4: 0 | K4: 0 | L4: 0 | M4: 0 | N4: 0 | O4: 0 | P4: 0 | Q4: 0 | R4: 0 | S4: =H4+O4+P4+Q4+R4-(I4+J4+K4+L4+M4+N4) -> 0 | T4: =E4+O4-I4-L4 -> 0 | U4: =F4+P4-J4-M4 -> 0 | V4: =G4+Q4-K4-N4 -> 0 | W4: =IF(MIN(T4,U4,V4)<0,"NEGATIVE STOCK - CHECK ENTRIES","") | X4: 0 | Y4: 0 | Z4: =X4-Y4 -> 0 | AA4: 0 | AB4: 0 | AC4: =AA4-AB4 -> 0 | AD4: 0 | AE4: 0 | AF4: =AD4-AE4 -> 0 | AG4: 0 | AH4: 0 | AI4: =AG4-AH4 -> 0
A5: African eggplant BENUE F1 | B5: 100 | C5: SEED | D5: COMMERCIAL | E5: ='26 june'!T5 -> 236 | F5: ='26 june'!U5 -> 69 | G5: ='26 june'!V5 -> 190 | H5: =E5+F5+G5 -> 495 | I5: 0 | J5: 0 | K5: 4 | L5: 0 | M5: 0 | N5: 0 | O5: 0 | P5: 0 | Q5: 0 | R5: 0 | S5: =H5+O5+P5+Q5+R5-(I5+J5+K5+L5+M5+N5) -> 491 | T5: =E5+O5-I5-L5 -> 236 | U5: =F5+P5-J5-M5 -> 69 | V5: =G5+Q5-K5-N5 -> 186 | W5: =IF(MIN(T5,U5,V5)<0,"NEGATIVE STOCK - CHECK ENTRIES","") | X5: 0 | Y5: 0 | Z5: =X5-Y5 -> 0 | AA5: 0 | AB5: 0 | AC5: =AA5-AB5 -> 0 | AD5: 0 | AE5: 0 | AF5: =AD5-AE5 -> 0 | AG5: 0 | AH5: 0 | AI5: =AG5-AH5 -> 0
A6: African eggplant KAZINGA RZ F1 | B6: 100 | C6: SEED | D6: COMMERCIAL | E6: ='26 june'!T6 -> 233 | F6: ='26 june'!U6 -> 38 | G6: ='26 june'!V6 -> 52 | H6: =E6+F6+G6 -> 323 | I6: 0 | J6: 0 | K6: 3 | L6: 0 | M6: 0 | N6: 0 | O6: 0 | P6: 0 | Q6: 0 | R6: 0 | S6: =H6+O6+P6+Q6+R6-(I6+J6+K6+L6+M6+N6) -> 320 | T6: =E6+O6-I6-L6 -> 233 | U6: =F6+P6-J6-M6 -> 38 | V6: =G6+Q6-K6-N6 -> 49 | W6: =IF(MIN(T6,U6,V6)<0,"NEGATIVE STOCK - CHECK ENTRIES","") | X6: 0 | Y6: 0 | Z6: =X6-Y6 -> 0 | AA6: 0 | AB6: 0 | AC6: =AA6-AB6 -> 0 | AD6: 0 | AE6: 0 | AF6: =AD6-AE6 -> 0 | AG6: 0 | AH6: 0 | AI6: =AG6-AH6 -> 0
A7: African eggplant KERIO RZ F1 | B7: 100 | C7: SEED | D7: COMMERCIAL | E7: ='26 june'!T7 -> 0 | F7: ='26 june'!U7 -> 20 | G7: ='26 june'!V7 -> 0 | H7: =E7+F7+G7 -> 20 | I7: 0 | J7: 0 | K7: 0 | L7: 0 | M7: 0 | N7: 0 | O7: 0 | P7: 0 | Q7: 0 | R7: 0 | S7: =H7+O7+P7+Q7+R7-(I7+J7+K7+L7+M7+N7) -> 20 | T7: =E7+O7-I7-L7 -> 0 | U7: =F7+P7-J7-M7 -> 20 | V7: =G7+Q7-K7-N7 -> 0 | W7: =IF(MIN(T7,U7,V7)<0,"NEGATIVE STOCK - CHECK ENTRIES","") | X7: 0 | Y7: 0 | Z7: =X7-Y7 -> 0 | AA7: 0 | AB7: 0 | AC7: =AA7-AB7 -> 0 | AD7: 0 | AE7: 0 | AF7: =AD7-AE7 -> 0 | AG7: 0 | AH7: 0 | AI7: =AG7-AH7 -> 0
A8: African eggplant LIMPOPO RZ F3 | B8: 100 | C8: SEED | D8: COMMERCIAL | E8: ='26 june'!T8 -> 0 | F8: ='26 june'!U8 -> 17 | G8: ='26 june'!V8 -> 20 | H8: =E8+F8+G8 -> 37 | I8: 0 | J8: 0 | K8: 1 | L8: 0 | M8: 0 | N8: 0 | O8: 0 | P8: 0 | Q8: 0 | R8: 0 | S8: =H8+O8+P8+Q8+R8-(I8+J8+K8+L8+M8+N8) -> 36 | T8: =E8+O8-I8-L8 -> 0 | U8: =F8+P8-J8-M8 -> 17 | V8: =G8+Q8-K8-N8 -> 19 | W8: =IF(MIN(T8,U8,V8)<0,"NEGATIVE STOCK - CHECK ENTRIES","") | X8: 0 | Y8: 0 | Z8: =X8-Y8 -> 0 | AA8: 0 | AB8: 0 | AC8: =AA8-AB8 -> 0 | AD8: 0 | AE8: 0 | AF8: =AD8-AE8 -> 0 | AG8: 0 | AH8: 0 | AI8: =AG8-AH8 -> 0
A9: African hot pepper AFADJA RZ F7 | B9: 100 | C9: SEED | D9: COMMERCIAL | E9: ='26 june'!T9 -> 0 | F9: ='26 june'!U9 -> 0 | G9: ='26 june'!V9 -> 1 | H9: =E9+F9+G9 -> 1 | I9: 0 | J9: 0 | K9: 0 | L9: 0 | M9: 0 | N9: 0 | O9: 0 | P9: 0 | Q9: 0 | R9: 0 | S9: =H9+O9+P9+Q9+R9-(I9+J9+K9+L9+M9+N9) -> 1 | T9: =E9+O9-I9-L9 -> 0 | U9: =F9+P9-J9-M9 -> 0 | V9: =G9+Q9-K9-N9 -> 1 | W9: =IF(MIN(T9,U9,V9)<0,"NEGATIVE STOCK - CHECK ENTRIES","") | X9: 0 | Y9: 0 | Z9: =X9-Y9 -> 0 | AA9: 0 | AB9: 0 | AC9: =AA9-AB9 -> 0 | AD9: 0 | AE9: 0 | AF9: =AD9-AE9 -> 0 | AG9: 0 | AH9: 0 | AI9: =AG9-AH9 -> 0
A10: African hot pepper AFADJA RZ F7 | B10: 500 | C10: SEED | D10: COMMERCIAL | E10: ='26 june'!T10 -> 0 | F10: ='26 june'!U10 -> 0 | G10: ='26 june'!V10 -> 0 | H10: =E10+F10+G10 -> 0 | I10: 0 | J10: 0 | K10: 0 | L10: 2 | M10: 0 | N10: 0 | O10: 0 | P10: 0 | Q10: 0 | R10: 0 | S10: =H10+O10+P10+Q10+R10-(I10+J10+K10+L10+M10+N10) -> -2 | T10: =E10+O10-I10-L10 -> -2 | U10: =F10+P10-J10-M10 -> 0 | V10: =G10+Q10-K10-N10 -> 0 | W10: =IF(MIN(T10,U10,V10)<0,"NEGATIVE STOCK - CHECK ENTRIES","") -> NEGATIVE STOCK - CHECK ENTRIES | X10: 0 | Y10: 0 | Z10: =X10-Y10 -> 0 | AA10: 0 | AB10: 0 | AC10: =AA10-AB10 -> 0 | AD10: 0 | AE10: 0 | AF10: =AD10-AE10 -> 0 | AG10: 0 | AH10: 0 | AI10: =AG10-AH10 -> 0
A11: African hot pepper LENGAI RZ F2 | B11: 100 | C11: SEED | D11: COMMERCIAL | E11: ='26 june'!T11 -> 329 | F11: ='26 june'!U11 -> 195 | G11: ='26 june'!V11 -> 16 | H11: =E11+F11+G11 -> 540 | I11: 0 | J11: 0 | K11: 0 | L11: 7 | M11: 0 | N11: 0 | O11: 0 | P11: 0 | Q11: 0 | R11: 0 | S11: =H11+O11+P11+Q11+R11-(I11+J11+K11+L11+M11+N11) -> 533 | T11: =E11+O11-I11-L11 -> 322 | U11: =F11+P11-J11-M11 -> 195 | V11: =G11+Q11-K11-N11 -> 16 | W11: =IF(MIN(T11,U11,V11)<0,"NEGATIVE STOCK - CHECK ENTRIES","") | X11: 0 | Y11: 0 | Z11: =X11-Y11 -> 0 | AA11: 0 | AB11: 0 | AC11: =AA11-AB11 -> 0 | AD11: 0 | AE11: 0 | AF11: =AD11-AE11 -> 0 | AG11: 0 | AH11: 0 | AI11: =AG11-AH11 -> 0
A12: African hot pepper LENGAI RZ F3 | B12: 500 | C12: SEED | D12: COMMERCIAL | E12: ='26 june'!T12 -> 8 | F12: ='26 june'!U12 -> 0 | G12: ='26 june'!V12 -> 0 | H12: =E12+F12+G12 -> 8 | I12: 0 | J12: 0 | K12: 0 | L12: 0 | M12: 0 | N12: 0 | O12: 0 | P12: 0 | Q12: 0 | R12: 0 | S12: =H12+O12+P12+Q12+R12-(I12+J12+K12+L12+M12+N12) -> 8 | T12: =E12+O12-I12-L12 -> 8 | U12: =F12+P12-J12-M12 -> 0 | V12: =G12+Q12-K12-N12 -> 0 | W12: =IF(MIN(T12,U12,V12)<0,"NEGATIVE STOCK - CHECK ENTRIES","") | X12: 0 | Y12: 0 | Z12: =X12-Y12 -> 0 | AA12: 0 | AB12: 0 | AC12: =AA12-AB12 -> 0 | AD12: 0 | AE12: 0 | AF12: =AD12-AE12 -> 0 | AG12: 0 | AH12: 0 | AI12: =AG12-AH12 -> 0
A13: African Hot Pepper Loleza RZ | B13: 100 | C13: SEED | D13: COMMERCIAL | E13: ='26 june'!T13 -> 1504 | F13: ='26 june'!U13 -> 297 | G13: ='26 june'!V13 -> 150 | H13: =E13+F13+G13 -> 1951 | I13: 20 | J13: 200 | K13: 31 | L13: 232 | M13: 0 | N13: 0 | O13: 0 | P13: 200 | Q13: 0 | R13: 0 | S13: =H13+O13+P13+Q13+R13-(I13+J13+K13+L13+M13+N13) -> 1668 | T13: =E13+O13-I13-L13 -> 1252 | U13: =F13+P13-J13-M13 -> 297 | V13: =G13+Q13-K13-N13 -> 119 | W13: =IF(MIN(T13,U13,V13)<0,"NEGATIVE STOCK - CHECK ENTRIES","") | X13: 0 | Y13: 0 | Z13: =X13-Y13 -> 0 | AA13: 0 | AB13: 0 | AC13: =AA13-AB13 -> 0 | AD13: 0 | AE13: 0 | AF13: =AD13-AE13 -> 0 | AG13: 0 | AH13: 0 | AI13: =AG13-AH13 -> 0
A14: African Hot Pepper Loleza RZ | B14: 500 | C14: SEED | D14: COMMERCIAL | E14: ='26 june'!T14 -> 170 | F14: ='26 june'!U14 -> 20 | G14: ='26 june'!V14 -> 15 | H14: =E14+F14+G14 -> 205 | I14: 0 | J14: 20 | K14: 0 | L14: 69 | M14: 0 | N14: 0 | O14: 0 | P14: 60 | Q14: 0 | R14: 0 | S14: =H14+O14+P14+Q14+R14-(I14+J14+K14+L14+M14+N14) -> 176 | T14: =E14+O14-I14-L14 -> 101 | U14: =F14+P14-J14-M14 -> 60 | V14: =G14+Q14-K14-N14 -> 15 | W14: =IF(MIN(T14,U14,V14)<0,"NEGATIVE STOCK - CHECK ENTRIES","") | X14: 0 | Y14: 0 | Z14: =X14-Y14 -> 0 | AA14: 0 | AB14: 0 | AC14: =AA14-AB14 -> 0 | AD14: 0 | AE14: 0 | AF14: =AD14-AE14 -> 0 | AG14: 0 | AH14: 0 | AI14: =AG14-AH14 -> 0
A15: African Hot Pepper Mawenzili | B15: 100 | C15: SEED | D15: COMMERCIAL | E15: ='26 june'!T15 -> 302 | F15: ='26 june'!U15 -> 41 | G15: ='26 june'!V15 -> 11 | H15: =E15+F15+G15 -> 354 | I15: 0 | J15: 0 | K15: 0 | L15: 0 | M15: 0 | N15: 0 | O15: 0 | P15: 0 | Q15: 0 | R15: 0 | S15: =H15+O15+P15+Q15+R15-(I15+J15+K15+L15+M15+N15) -> 354 | T15: =E15+O15-I15-L15 -> 302 | U15: =F15+P15-J15-M15 -> 41 | V15: =G15+Q15-K15-N15 -> 11 | W15: =IF(MIN(T15,U15,V15)<0,"NEGATIVE STOCK - CHECK ENTRIES","") | X15: 0 | Y15: 0 | Z15: =X15-Y15 -> 0 | AA15: 0 | AB15: 0 | AC15: =AA15-AB15 -> 0 | AD15: 0 | AE15: 0 | AF15: =AD15-AE15 -> 0 | AG15: 0 | AH15: 0 | AI15: =AG15-AH15 -> 0
A16: African Hot Pepper Mawenzili | B16: 1000 | C16: SEED | D16: COMMERCIAL | E16: ='26 june'!T16 -> 2 | F16: ='26 june'!U16 -> 0 | G16: ='26 june'!V16 -> 0 | H16: =E16+F16+G16 -> 2 | I16: 1 | J16: 0 | K16: 0 | L16: 0 | M16: 0 | N16: 0 | O16: 0 | P16: 0 | Q16: 0 | R16: 0 | S16: =H16+O16+P16+Q16+R16-(I16+J16+K16+L16+M16+N16) -> 1 | T16: =E16+O16-I16-L16 -> 1 | U16: =F16+P16-J16-M16 -> 0 | V16: =G16+Q16-K16-N16 -> 0 | W16: =IF(MIN(T16,U16,V16)<0,"NEGATIVE STOCK - CHECK ENTRIES","") | X16: 0 | Y16: 0 | Z16: =X16-Y16 -> 0 | AA16: 0 | AB16: 0 | AC16: =AA16-AB16 -> 0 | AD16: 0 | AE16: 0 | AF16: =AD16-AE16 -> 0 | AG16: 0 | AH16: 0 | AI16: =AG16-AH16 -> 0
A17: alaine | B17: 1000 | C17: SEED | D17: MASIFIO CUSTOM | E17: 0 | F17: 0 | G17: 0 | H17: =E17+F17+G17 -> 0 | I17: 0 | J17: 0 | K17: 0 | L17: 0 | M17: 0 | N17: 0 | O17: 0 | P17: 0 | Q17: 0 | R17: 0 | S17: =H17+O17+P17+Q17+R17-(I17+J17+K17+L17+M17+N17) -> 0 | T17: =E17+O17-I17-L17 -> 0 | U17: =F17+P17-J17-M17 -> 0 | V17: =G17+Q17-K17-N17 -> 0 | W17: =IF(MIN(T17,U17,V17)<0,"NEGATIVE STOCK - CHECK ENTRIES","") | X17: 0 | Y17: 0 | Z17: =X17-Y17 -> 0 | AA17: 0 | AB17: 0 | AC17: =AA17-AB17 -> 0 | AD17: 0 | AE17: 0 | AF17: =AD17-AE17 -> 0 | AG17: 0 | AH17: 0 | AI17: =AG17-AH17 -> 0
A18: Alboreto | B18: 100000 | C18: SEED | D18: MASIFIO CUSTOM | E18: 0 | F18: 0 | G18: 0 | H18: =E18+F18+G18 -> 0 | I18: 0 | J18: 0 | K18: 0 | L18: 0 | M18: 0 | N18: 0 | O18: 0 | P18: 0 | Q18: 0 | R18: 0 | S18: =H18+O18+P18+Q18+R18-(I18+J18+K18+L18+M18+N18) -> 0 | T18: =E18+O18-I18-L18 -> 0 | U18: =F18+P18-J18-M18 -> 0 | V18: =G18+Q18-K18-N18 -> 0 | W18: =IF(MIN(T18,U18,V18)<0,"NEGATIVE STOCK - CHECK ENTRIES","") | X18: 0 | Y18: 0 | Z18: =X18-Y18 -> 0 | AA18: 0 | AB18: 0 | AC18: =AA18-AB18 -> 0 | AD18: 0 | AE18: 0 | AF18: =AD18-AE18 -> 0 | AG18: 0 | AH18: 0 | AI18: =AG18-AH18 -> 0
A19: Allegreto | B19: 1000 | C19: SEED | D19: COMMERCIAL | E19: ='26 june'!T19 -> 8 | F19: ='26 june'!U19 -> 0 | G19: ='26 june'!V19 -> 0 | H19: =E19+F19+G19 -> 8 | I19: 0 | J19: 0 | K19: 0 | L19: 0 | M19: 0 | N19: 0 | O19: 0 | P19: 0 | Q19: 0 | R19: 0 | S19: =H19+O19+P19+Q19+R19-(I19+J19+K19+L19+M19+N19) -> 8 | T19: =E19+O19-I19-L19 -> 8 | U19: =F19+P19-J19-M19 -> 0 | V19: =G19+Q19-K19-N19 -> 0 | W19: =IF(MIN(T19,U19,V19)<0,"NEGATIVE STOCK - CHECK ENTRIES","") | X19: 0 | Y19: 0 | Z19: =X19-Y19 -> 0 | AA19: 0 | AB19: 0 | AC19: =AA19-AB19 -> 0 | AD19: 0 | AE19: 0 | AF19: =AD19-AE19 -> 0 | AG19: 0 | AH19: 0 | AI19: =AG19-AH19 -> 0
A20: Allegreto | B20: 1000 | C20: SEED | D20: CUSTOM&TRIAL | E20: 0 | F20: 0 | G20: 0 | H20: =E20+F20+G20 -> 0 | I20: 0 | J20: 0 | K20: 0 | L20: 0 | M20: 0 | N20: 0 | O20: 0 | P20: 0 | Q20: 0 | R20: 0 | S20: =H20+O20+P20+Q20+R20-(I20+J20+K20+L20+M20+N20) -> 0 | T20: =E20+O20-I20-L20 -> 0 | U20: =F20+P20-J20-M20 -> 0 | V20: =G20+Q20-K20-N20 -> 0 | W20: =IF(MIN(T20,U20,V20)<0,"NEGATIVE STOCK - CHECK ENTRIES","") | X20: 0 | Y20: 0 | Z20: =X20-Y20 -> 0 | AA20: 0 | AB20: 0 | AC20: =AA20-AB20 -> 0 | AD20: 0 | AE20: 0 | AF20: =AD20-AE20 -> 0 | AG20: 0 | AH20: 0 | AI20: =AG20-AH20 -> 0
A21: Alpes | B21: 100 | C21: SEED | D21: COMMERCIAL | E21: ='26 june'!T21 -> 4 | F21: ='26 june'!U21 -> 0 | G21: ='26 june'!V21 -> 0 | H21: =E21+F21+G21 -> 4 | I21: 0 | J21: 0 | K21: 0 | L21: 0 | M21: 0 | N21: 0 | O21: 0 | P21: 0 | Q21: 0 | R21: 0 | S21: =H21+O21+P21+Q21+R21-(I21+J21+K21+L21+M21+N21) -> 4 | T21: =E21+O21-I21-L21 -> 4 | U21: =F21+P21-J21-M21 -> 0 | V21: =G21+Q21-K21-N21 -> 0 | W21: =IF(MIN(T21,U21,V21)<0,"NEGATIVE STOCK - CHECK ENTRIES","") | X21: 0 | Y21: 0 | Z21: =X21-Y21 -> 0 | AA21: 0 | AB21: 0 | AC21: =AA21-AB21 -> 0 | AD21: 0 | AE21: 0 | AF21: =AD21-AE21 -> 0 | AG21: 0 | AH21: 0 | AI21: =AG21-AH21 -> 0
A22: Alpes | B22: 1000 | C22: SEED | D22: COMMERCIAL | E22: ='26 june'!T22 -> 8 | F22: ='26 june'!U22 -> 0 | G22: ='26 june'!V22 -> 0 | H22: =E22+F22+G22 -> 8 | I22: 0 | J22: 0 | K22: 0 | L22: 0 | M22: 0 | N22: 0 | O22: 0 | P22: 0 | Q22: 0 | R22: 0 | S22: =H22+O22+P22+Q22+R22-(I22+J22+K22+L22+M22+N22) -> 8 | T22: =E22+O22-I22-L22 -> 8 | U22: =F22+P22-J22-M22 -> 0 | V22: =G22+Q22-K22-N22 -> 0 | W22: =IF(MIN(T22,U22,V22)<0,"NEGATIVE STOCK - CHECK ENTRIES","") | X22: 0 | Y22: 0 | Z22: =X22-Y22 -> 0 | AA22: 0 | AB22: 0 | AC22: =AA22-AB22 -> 0 | AD22: 0 | AE22: 0 | AF22: =AD22-AE22 -> 0 | AG22: 0 | AH22: 0 | AI22: =AG22-AH22 -> 0
A23: amburana | B23: 100 | C23: SEED | D23: CUSTOM&TRIAL | E23: 0 | F23: 0 | G23: 0 | H23: =E23+F23+G23 -> 0 | I23: 0 | J23: 0 | K23: 0 | L23: 0 | M23: 0 | N23: 0 | O23: 0 | P23: 0 | Q23: 0 | R23: 0 | S23: =H23+O23+P23+Q23+R23-(I23+J23+K23+L23+M23+N23) -> 0 | T23: =E23+O23-I23-L23 -> 0 | U23: =F23+P23-J23-M23 -> 0 | V23: =G23+Q23-K23-N23 -> 0 | W23: =IF(MIN(T23,U23,V23)<0,"NEGATIVE STOCK - CHECK ENTRIES","") | X23: 0 | Y23: 0 | Z23: =X23-Y23 -> 0 | AA23: 0 | AB23: 0 | AC23: =AA23-AB23 -> 0 | AD23: 0 | AE23: 0 | AF23: =AD23-AE23 -> 0 | AG23: 0 | AH23: 0 | AI23: =AG23-AH23 -> 0
A24: amburana | B24: 500 | C24: SEED | D24: CUSTOM&TRIAL | E24: 0 | F24: 0 | G24: 0 | H24: =E24+F24+G24 -> 0 | I24: 0 | J24: 0 | K24: 0 | L24: 0 | M24: 0 | N24: 0 | O24: 0 | P24: 0 | Q24: 0 | R24: 0 | S24: =H24+O24+P24+Q24+R24-(I24+J24+K24+L24+M24+N24) -> 0 | T24: =E24+O24-I24-L24 -> 0 | U24: =F24+P24-J24-M24 -> 0 | V24: =G24+Q24-K24-N24 -> 0 | W24: =IF(MIN(T24,U24,V24)<0,"NEGATIVE STOCK - CHECK ENTRIES","") | X24: 0 | Y24: 0 | Z24: =X24-Y24 -> 0 | AA24: 0 | AB24: 0 | AC24: =AA24-AB24 -> 0 | AD24: 0 | AE24: 0 | AF24: =AD24-AE24 -> 0 | AG24: 0 | AH24: 0 | AI24: =AG24-AH24 -> 0
A25: Aubergine BRIGITTE RZ F2 | B25: 100 | C25: SEED | D25: COMMERCIAL | E25: ='26 june'!T25 -> 1 | F25: ='26 june'!U25 -> 151 | G25: ='26 june'!V25 -> 0 | H25: =E25+F25+G25 -> 152 | I25: 0 | J25: 0 | K25: 0 | L25: 0 | M25: 0 | N25: 0 | O25: 0 | P25: 0 | Q25: 0 | R25: 0 | S25: =H25+O25+P25+Q25+R25-(I25+J25+K25+L25+M25+N25) -> 152 | T25: =E25+O25-I25-L25 -> 1 | U25: =F25+P25-J25-M25 -> 151 | V25: =G25+Q25-K25-N25 -> 0 | W25: =IF(MIN(T25,U25,V25)<0,"NEGATIVE STOCK - CHECK ENTRIES","") | X25: 0 | Y25: 0 | Z25: =X25-Y25 -> 0 | AA25: 0 | AB25: 0 | AC25: =AA25-AB25 -> 0 | AD25: 0 | AE25: 0 | AF25: =AD25-AE25 -> 0 | AG25: 0 | AH25: 0 | AI25: =AG25-AH25 -> 0
A26: Aubergine FANTASTIC RZ F3 | B26: 100 | C26: SEED | D26: COMMERCIAL | E26: ='26 june'!T26 -> 89 | F26: ='26 june'!U26 -> 28 | G26: ='26 june'!V26 -> 4 | H26: =E26+F26+G26 -> 121 | I26: 0 | J26: 0 | K26: 0 | L26: 0 | M26: 0 | N26: 0 | O26: 0 | P26: 0 | Q26: 0 | R26: 0 | S26: =H26+O26+P26+Q26+R26-(I26+J26+K26+L26+M26+N26) -> 121 | T26: =E26+O26-I26-L26 -> 89 | U26: =F26+P26-J26-M26 -> 28 | V26: =G26+Q26-K26-N26 -> 4 | W26: =IF(MIN(T26,U26,V26)<0,"NEGATIVE STOCK - CHECK ENTRIES","") | X26: 0 | Y26: 0 | Z26: =X26-Y26 -> 0 | AA26: 0 | AB26: 0 | AC26: =AA26-AB26 -> 0 | AD26: 0 | AE26: 0 | AF26: =AD26-AE26 -> 0 | AG26: 0 | AH26: 0 | AI26: =AG26-AH26 -> 0
A27: barlach | B27: 1000 | C27: SEED | D27: MASIFIO CUSTOM | E27: 0 | F27: 0 | G27: 0 | H27: =E27+F27+G27 -> 0 | I27: 0 | J27: 0 | K27: 0 | L27: 0 | M27: 0 | N27: 0 | O27: 0 | P27: 0 | Q27: 0 | R27: 0 | S27: =H27+O27+P27+Q27+R27-(I27+J27+K27+L27+M27+N27) -> 0 | T27: =E27+O27-I27-L27 -> 0 | U27: =F27+P27-J27-M27 -> 0 | V27: =G27+Q27-K27-N27 -> 0 | W27: =IF(MIN(T27,U27,V27)<0,"NEGATIVE STOCK - CHECK ENTRIES","") | X27: 0 | Y27: 0 | Z27: =X27-Y27 -> 0 | AA27: 0 | AB27: 0 | AC27: =AA27-AB27 -> 0 | AD27: 0 | AE27: 0 | AF27: =AD27-AE27 -> 0 | AG27: 0 | AH27: 0 | AI27: =AG27-AH27 -> 0
A28: Barldralla | B28: 100 | C28: SEED | D28: MASIFIO CUSTOM | E28: 0 | F28: 0 | G28: 0 | H28: =E28+F28+G28 -> 0 | I28: 0 | J28: 0 | K28: 0 | L28: 0 | M28: 0 | N28: 0 | O28: 0 | P28: 0 | Q28: 0 | R28: 0 | S28: =H28+O28+P28+Q28+R28-(I28+J28+K28+L28+M28+N28) -> 0 | T28: =E28+O28-I28-L28 -> 0 | U28: =F28+P28-J28-M28 -> 0 | V28: =G28+Q28-K28-N28 -> 0 | W28: =IF(MIN(T28,U28,V28)<0,"NEGATIVE STOCK - CHECK ENTRIES","") | X28: 0 | Y28: 0 | Z28: =X28-Y28 -> 0 | AA28: 0 | AB28: 0 | AC28: =AA28-AB28 -> 0 | AD28: 0 | AE28: 0 | AF28: =AD28-AE28 -> 0 | AG28: 0 | AH28: 0 | AI28: =AG28-AH28 -> 0
A29: Baronesa | B29: 100 | C29: SEED | D29: COMMERCIAL | E29: ='26 june'!T29 -> 34 | F29: ='26 june'!U29 -> 0 | G29: ='26 june'!V29 -> 0 | H29: =E29+F29+G29 -> 34 | I29: 0 | J29: 0 | K29: 0 | L29: 0 | M29: 0 | N29: 0 | O29: 0 | P29: 0 | Q29: 0 | R29: 0 | S29: =H29+O29+P29+Q29+R29-(I29+J29+K29+L29+M29+N29) -> 34 | T29: =E29+O29-I29-L29 -> 34 | U29: =F29+P29-J29-M29 -> 0 | V29: =G29+Q29-K29-N29 -> 0 | W29: =IF(MIN(T29,U29,V29)<0,"NEGATIVE STOCK - CHECK ENTRIES","") | X29: 0 | Y29: 0 | Z29: =X29-Y29 -> 0 | AA29: 0 | AB29: 0 | AC29: =AA29-AB29 -> 0 | AD29: 0 | AE29: 0 | AF29: =AD29-AE29 -> 0 | AG29: 0 | AH29: 0 | AI29: =AG29-AH29 -> 0
A30: Batavia lettuce INVICTA RZ | B30: 1000 | C30: SEED | D30: COMMERCIAL | E30: ='26 june'!T30 -> 4 | F30: ='26 june'!U30 -> 7 | G30: ='26 june'!V30 -> 35 | H30: =E30+F30+G30 -> 46 | I30: 4 | J30: 0 | K30: 10 | L30: 0 | M30: 0 | N30: 0 | O30: 0 | P30: 0 | Q30: 0 | R30: 0 | S30: =H30+O30+P30+Q30+R30-(I30+J30+K30+L30+M30+N30) -> 32 | T30: =E30+O30-I30-L30 -> 0 | U30: =F30+P30-J30-M30 -> 7 | V30: =G30+Q30-K30-N30 -> 25 | W30: =IF(MIN(T30,U30,V30)<0,"NEGATIVE STOCK - CHECK ENTRIES","") | X30: 0 | Y30: 0 | Z30: =X30-Y30 -> 0 | AA30: 0 | AB30: 0 | AC30: =AA30-AB30 -> 0 | AD30: 0 | AE30: 0 | AF30: =AD30-AE30 -> 0 | AG30: 0 | AH30: 0 | AI30: =AG30-AH30 -> 0
A31: Batavia lettuce TOURBILLON RZ | B31: 1000 | C31: SEED | D31: COMMERCIAL | E31: ='26 june'!T31 -> 9 | F31: ='26 june'!U31 -> 5 | G31: ='26 june'!V31 -> 27 | H31: =E31+F31+G31 -> 41 | I31: 0 | J31: 0 | K31: 0 | L31: 0 | M31: 0 | N31: 0 | O31: 0 | P31: 0 | Q31: 0 | R31: 0 | S31: =H31+O31+P31+Q31+R31-(I31+J31+K31+L31+M31+N31) -> 41 | T31: =E31+O31-I31-L31 -> 9 | U31: =F31+P31-J31-M31 -> 5 | V31: =G31+Q31-K31-N31 -> 27 | W31: =IF(MIN(T31,U31,V31)<0,"NEGATIVE STOCK - CHECK ENTRIES","") | X31: 0 | Y31: 0 | Z31: =X31-Y31 -> 0 | AA31: 0 | AB31: 0 | AC31: =AA31-AB31 -> 0 | AD31: 0 | AE31: 0 | AF31: =AD31-AE31 -> 0 | AG31: 0 | AH31: 0 | AI31: =AG31-AH31 -> 0
A32: Beetroot LARKA RZ | B32: 25000 | C32: SEED | D32: COMMERCIAL | E32: ='26 june'!T32 -> 4 | F32: ='26 june'!U32 -> 0 | G32: ='26 june'!V32 -> 0 | H32: =E32+F32+G32 -> 4 | I32: 0 | J32: 0 | K32: 0 | L32: 0 | M32: 0 | N32: 0 | O32: 0 | P32: 0 | Q32: 0 | R32: 0 | S32: =H32+O32+P32+Q32+R32-(I32+J32+K32+L32+M32+N32) -> 4 | T32: =E32+O32-I32-L32 -> 4 | U32: =F32+P32-J32-M32 -> 0 | V32: =G32+Q32-K32-N32 -> 0 | W32: =IF(MIN(T32,U32,V32)<0,"NEGATIVE STOCK - CHECK ENTRIES","") | X32: 0 | Y32: 0 | Z32: =X32-Y32 -> 0 | AA32: 0 | AB32: 0 | AC32: =AA32-AB32 -> 0 | AD32: 0 | AE32: 0 | AF32: =AD32-AE32 -> 0 | AG32: 0 | AH32: 0 | AI32: =AG32-AH32 -> 0
A33: Beetroot Zeppo | B33: 25000 | C33: SEED | D33: COMMERCIAL | E33: ='26 june'!T33 -> 10 | F33: ='26 june'!U33 -> 0 | G33: ='26 june'!V33 -> 0 | H33: =E33+F33+G33 -> 10 | I33: 0 | J33: 0 | K33: 0 | L33: 0 | M33: 0 | N33: 0 | O33: 0 | P33: 0 | Q33: 0 | R33: 0 | S33: =H33+O33+P33+Q33+R33-(I33+J33+K33+L33+M33+N33) -> 10 | T33: =E33+O33-I33-L33 -> 10 | U33: =F33+P33-J33-M33 -> 0 | V33: =G33+Q33-K33-N33 -> 0 | W33: =IF(MIN(T33,U33,V33)<0,"NEGATIVE STOCK - CHECK ENTRIES","") | X33: 0 | Y33: 0 | Z33: =X33-Y33 -> 0 | AA33: 0 | AB33: 0 | AC33: =AA33-AB33 -> 0 | AD33: 0 | AE33: 0 | AF33: =AD33-AE33 -> 0 | AG33: 0 | AH33: 0 | AI33: =AG33-AH33 -> 0
A34: Bellaire | B34: 1000 | C34: SEED | D34: MASIFIO CUSTOM | E34: 0 | F34: 0 | G34: 0 | H34: =E34+F34+G34 -> 0 | I34: 0 | J34: 0 | K34: 0 | L34: 0 | M34: 0 | N34: 0 | O34: 0 | P34: 0 | Q34: 0 | R34: 0 | S34: =H34+O34+P34+Q34+R34-(I34+J34+K34+L34+M34+N34) -> 0 | T34: =E34+O34-I34-L34 -> 0 | U34: =F34+P34-J34-M34 -> 0 | V34: =G34+Q34-K34-N34 -> 0 | W34: =IF(MIN(T34,U34,V34)<0,"NEGATIVE STOCK - CHECK ENTRIES","") | X34: 0 | Y34: 0 | Z34: =X34-Y34 -> 0 | AA34: 0 | AB34: 0 | AC34: =AA34-AB34 -> 0 | AD34: 0 | AE34: 0 | AF34: =AD34-AE34 -> 0 | AG34: 0 | AH34: 0 | AI34: =AG34-AH34 -> 0
A35: benue | B35: 100 | C35: SEED | D35: CUSTOM&TRIAL | E35: 0 | F35: 0 | G35: 0 | H35: =E35+F35+G35 -> 0 | I35: 0 | J35: 0 | K35: 0 | L35: 0 | M35: 0 | N35: 0 | O35: 0 | P35: 0 | Q35: 0 | R35: 0 | S35: =H35+O35+P35+Q35+R35-(I35+J35+K35+L35+M35+N35) -> 0 | T35: =E35+O35-I35-L35 -> 0 | U35: =F35+P35-J35-M35 -> 0 | V35: =G35+Q35-K35-N35 -> 0 | W35: =IF(MIN(T35,U35,V35)<0,"NEGATIVE STOCK - CHECK ENTRIES","") | X35: 0 | Y35: 0 | Z35: =X35-Y35 -> 0 | AA35: 0 | AB35: 0 | AC35: =AA35-AB35 -> 0 | AD35: 0 | AE35: 0 | AF35: =AD35-AE35 -> 0 | AG35: 0 | AH35: 0 | AI35: =AG35-AH35 -> 0
A36: Blanched celery KYLIAN RZ | B36: 1000 | C36: SEED | D36: COMMERCIAL | E36: ='26 june'!T36 -> 0 | F36: ='26 june'!U36 -> 0 | G36: ='26 june'!V36 -> 0 | H36: =E36+F36+G36 -> 0 | I36: 0 | J36: 0 | K36: 0 | L36: 0 | M36: 0 | N36: 0 | O36: 0 | P36: 0 | Q36: 0 | R36: 0 | S36: =H36+O36+P36+Q36+R36-(I36+J36+K36+L36+M36+N36) -> 0 | T36: =E36+O36-I36-L36 -> 0 | U36: =F36+P36-J36-M36 -> 0 | V36: =G36+Q36-K36-N36 -> 0 | W36: =IF(MIN(T36,U36,V36)<0,"NEGATIVE STOCK - CHECK ENTRIES","") | X36: 0 | Y36: 0 | Z36: =X36-Y36 -> 0 | AA36: 0 | AB36: 0 | AC36: =AA36-AB36 -> 0 | AD36: 0 | AE36: 0 | AF36: =AD36-AE36 -> 0 | AG36: 0 | AH36: 0 | AI36: =AG36-AH36 -> 0
A37: Boelli | B37: 1000 | C37: SEED | D37: MASIFIO CUSTOM | E37: 0 | F37: 0 | G37: 0 | H37: =E37+F37+G37 -> 0 | I37: 0 | J37: 0 | K37: 0 | L37: 0 | M37: 0 | N37: 0 | O37: 0 | P37: 0 | Q37: 0 | R37: 0 | S37: =H37+O37+P37+Q37+R37-(I37+J37+K37+L37+M37+N37) -> 0 | T37: =E37+O37-I37-L37 -> 0 | U37: =F37+P37-J37-M37 -> 0 | V37: =G37+Q37-K37-N37 -> 0 | W37: =IF(MIN(T37,U37,V37)<0,"NEGATIVE STOCK - CHECK ENTRIES","") | X37: 0 | Y37: 0 | Z37: =X37-Y37 -> 0 | AA37: 0 | AB37: 0 | AC37: =AA37-AB37 -> 0 | AD37: 0 | AE37: 0 | AF37: =AD37-AE37 -> 0 | AG37: 0 | AH37: 0 | AI37: =AG37-AH37 -> 0
A38: Bologna | B38: 100 | C38: SEED | D38: CUSTOM&TRIAL | E38: 0 | F38: 0 | G38: 0 | H38: =E38+F38+G38 -> 0 | I38: 0 | J38: 0 | K38: 0 | L38: 0 | M38: 0 | N38: 0 | O38: 0 | P38: 0 | Q38: 0 | R38: 0 | S38: =H38+O38+P38+Q38+R38-(I38+J38+K38+L38+M38+N38) -> 0 | T38: =E38+O38-I38-L38 -> 0 | U38: =F38+P38-J38-M38 -> 0 | V38: =G38+Q38-K38-N38 -> 0 | W38: =IF(MIN(T38,U38,V38)<0,"NEGATIVE STOCK - CHECK ENTRIES","") | X38: 0 | Y38: 0 | Z38: =X38-Y38 -> 0 | AA38: 0 | AB38: 0 | AC38: =AA38-AB38 -> 0 | AD38: 0 | AE38: 0 | AF38: =AD38-AE38 -> 0 | AG38: 0 | AH38: 0 | AI38: =AG38-AH38 -> 0
A39: Bottas | B39: 100000 | C39: SEED | D39: MASIFIO CUSTOM | E39: 0 | F39: 0 | G39: 0 | H39: =E39+F39+G39 -> 0 | I39: 0 | J39: 0 | K39: 0 | L39: 0 | M39: 0 | N39: 0 | O39: 0 | P39: 0 | Q39: 0 | R39: 0 | S39: =H39+O39+P39+Q39+R39-(I39+J39+K39+L39+M39+N39) -> 0 | T39: =E39+O39-I39-L39 -> 0 | U39: =F39+P39-J39-M39 -> 0 | V39: =G39+Q39-K39-N39 -> 0 | W39: =IF(MIN(T39,U39,V39)<0,"NEGATIVE STOCK - CHECK ENTRIES","") | X39: 0 | Y39: 0 | Z39: =X39-Y39 -> 0 | AA39: 0 | AB39: 0 | AC39: =AA39-AB39 -> 0 | AD39: 0 | AE39: 0 | AF39: =AD39-AE39 -> 0 | AG39: 0 | AH39: 0 | AI39: =AG39-AH39 -> 0
A40: Bourdais | B40: 100000 | C40: SEED | D40: MASIFIO CUSTOM | E40: 0 | F40: 0 | G40: 0 | H40: =E40+F40+G40 -> 0 | I40: 0 | J40: 0 | K40: 0 | L40: 0 | M40: 0 | N40: 0 | O40: 0 | P40: 0 | Q40: 0 | R40: 0 | S40: =H40+O40+P40+Q40+R40-(I40+J40+K40+L40+M40+N40) -> 0 | T40: =E40+O40-I40-L40 -> 0 | U40: =F40+P40-J40-M40 -> 0 | V40: =G40+Q40-K40-N40 -> 0 | W40: =IF(MIN(T40,U40,V40)<0,"NEGATIVE STOCK - CHECK ENTRIES","") | X40: 0 | Y40: 0 | Z40: =X40-Y40 -> 0 | AA40: 0 | AB40: 0 | AC40: =AA40-AB40 -> 0 | AD40: 0 | AE40: 0 | AF40: =AD40-AE40 -> 0 | AG40: 0 | AH40: 0 | AI40: =AG40-AH40 -> 0
A41: Bravura | B41: 100 | C41: SEED | D41: COMMERCIAL | E41: ='26 june'!T41 -> 9 | F41: ='26 june'!U41 -> 0 | G41: ='26 june'!V41 -> 0 | H41: =E41+F41+G41 -> 9 | I41: 0 | J41: 0 | K41: 0 | L41: 0 | M41: 0 | N41: 0 | O41: 0 | P41: 0 | Q41: 0 | R41: 0 | S41: =H41+O41+P41+Q41+R41-(I41+J41+K41+L41+M41+N41) -> 9 | T41: =E41+O41-I41-L41 -> 9 | U41: =F41+P41-J41-M41 -> 0 | V41: =G41+Q41-K41-N41 -> 0 | W41: =IF(MIN(T41,U41,V41)<0,"NEGATIVE STOCK - CHECK ENTRIES","") | X41: 0 | Y41: 0 | Z41: =X41-Y41 -> 0 | AA41: 0 | AB41: 0 | AC41: =AA41-AB41 -> 0 | AD41: 0 | AE41: 0 | AF41: =AD41-AE41 -> 0 | AG41: 0 | AH41: 0 | AI41: =AG41-AH41 -> 0
A42: Brigitte | B42: 100 | C42: SEED | D42: CUSTOM&TRIAL | E42: 0 | F42: 0 | G42: 0 | H42: =E42+F42+G42 -> 0 | I42: 0 | J42: 0 | K42: 0 | L42: 0 | M42: 0 | N42: 0 | O42: 0 | P42: 0 | Q42: 0 | R42: 0 | S42: =H42+O42+P42+Q42+R42-(I42+J42+K42+L42+M42+N42) -> 0 | T42: =E42+O42-I42-L42 -> 0 | U42: =F42+P42-J42-M42 -> 0 | V42: =G42+Q42-K42-N42 -> 0 | W42: =IF(MIN(T42,U42,V42)<0,"NEGATIVE STOCK - CHECK ENTRIES","") | X42: 0 | Y42: 0 | Z42: =X42-Y42 -> 0 | AA42: 0 | AB42: 0 | AC42: =AA42-AB42 -> 0 | AD42: 0 | AE42: 0 | AF42: =AD42-AE42 -> 0 | AG42: 0 | AH42: 0 | AI42: =AG42-AH42 -> 0
A43: Broccoli TAHOE RZ F3 | B43: 1000 | C43: SEED | D43: COMMERCIAL | E43: ='26 june'!T43 -> 70 | F43: ='26 june'!U43 -> 142 | G43: ='26 june'!V43 -> 5 | H43: =E43+F43+G43 -> 217 | I43: 0 | J43: 0 | K43: 0 | L43: 0 | M43: 0 | N43: 0 | O43: 0 | P43: 0 | Q43: 0 | R43: 0 | S43: =H43+O43+P43+Q43+R43-(I43+J43+K43+L43+M43+N43) -> 217 | T43: =E43+O43-I43-L43 -> 70 | U43: =F43+P43-J43-M43 -> 142 | V43: =G43+Q43-K43-N43 -> 5 | W43: =IF(MIN(T43,U43,V43)<0,"NEGATIVE STOCK - CHECK ENTRIES","") | X43: 0 | Y43: 0 | Z43: =X43-Y43 -> 0 | AA43: 0 | AB43: 0 | AC43: =AA43-AB43 -> 0 | AD43: 0 | AE43: 0 | AF43: =AD43-AE43 -> 0 | AG43: 0 | AH43: 0 | AI43: =AG43-AH43 -> 0
A44: Calazina | B44: 100 | C44: SEED | D44: MASIFIO CUSTOM | E44: 0 | F44: 0 | G44: 0 | H44: =E44+F44+G44 -> 0 | I44: 0 | J44: 0 | K44: 0 | L44: 0 | M44: 0 | N44: 0 | O44: 0 | P44: 0 | Q44: 0 | R44: 0 | S44: =H44+O44+P44+Q44+R44-(I44+J44+K44+L44+M44+N44) -> 0 | T44: =E44+O44-I44-L44 -> 0 | U44: =F44+P44-J44-M44 -> 0 | V44: =G44+Q44-K44-N44 -> 0 | W44: =IF(MIN(T44,U44,V44)<0,"NEGATIVE STOCK - CHECK ENTRIES","") | X44: 0 | Y44: 0 | Z44: =X44-Y44 -> 0 | AA44: 0 | AB44: 0 | AC44: =AA44-AB44 -> 0 | AD44: 0 | AE44: 0 | AF44: =AD44-AE44 -> 0 | AG44: 0 | AH44: 0 | AI44: =AG44-AH44 -> 0
A45: Cantrell | B45: 100000 | C45: SEED | D45: MASIFIO CUSTOM | E45: 0 | F45: 0 | G45: 0 | H45: =E45+F45+G45 -> 0 | I45: 0 | J45: 0 | K45: 0 | L45: 0 | M45: 0 | N45: 0 | O45: 0 | P45: 0 | Q45: 0 | R45: 0 | S45: =H45+O45+P45+Q45+R45-(I45+J45+K45+L45+M45+N45) -> 0 | T45: =E45+O45-I45-L45 -> 0 | U45: =F45+P45-J45-M45 -> 0 | V45: =G45+Q45-K45-N45 -> 0 | W45: =IF(MIN(T45,U45,V45)<0,"NEGATIVE STOCK - CHECK ENTRIES","") | X45: 0 | Y45: 0 | Z45: =X45-Y45 -> 0 | AA45: 0 | AB45: 0 | AC45: =AA45-AB45 -> 0 | AD45: 0 | AE45: 0 | AF45: =AD45-AE45 -> 0 | AG45: 0 | AH45: 0 | AI45: =AG45-AH45 -> 0
A46: Caribbean Gold | B46: 100 | C46: SEED | D46: COMMERCIAL | E46: ='26 june'!T46 -> 5 | F46: ='26 june'!U46 -> 0 | G46: ='26 june'!V46 -> 0 | H46: =E46+F46+G46 -> 5 | I46: 0 | J46: 0 | K46: 0 | L46: 0 | M46: 0 | N46: 0 | O46: 0 | P46: 0 | Q46: 0 | R46: 0 | S46: =H46+O46+P46+Q46+R46-(I46+J46+K46+L46+M46+N46) -> 5 | T46: =E46+O46-I46-L46 -> 5 | U46: =F46+P46-J46-M46 -> 0 | V46: =G46+Q46-K46-N46 -> 0 | W46: =IF(MIN(T46,U46,V46)<0,"NEGATIVE STOCK - CHECK ENTRIES","") | X46: 0 | Y46: 0 | Z46: =X46-Y46 -> 0 | AA46: 0 | AB46: 0 | AC46: =AA46-AB46 -> 0 | AD46: 0 | AE46: 0 | AF46: =AD46-AE46 -> 0 | AG46: 0 | AH46: 0 | AI46: =AG46-AH46 -> 0
A47: Caribbean Gold | B47: 100 | C47: SEED | D47: CUSTOM&TRIAL | E47: 0 | F47: 0 | G47: 0 | H47: =E47+F47+G47 -> 0 | I47: 0 | J47: 0 | K47: 0 | L47: 0 | M47: 0 | N47: 0 | O47: 0 | P47: 0 | Q47: 0 | R47: 0 | S47: =H47+O47+P47+Q47+R47-(I47+J47+K47+L47+M47+N47) -> 0 | T47: =E47+O47-I47-L47 -> 0 | U47: =F47+P47-J47-M47 -> 0 | V47: =G47+Q47-K47-N47 -> 0 | W47: =IF(MIN(T47,U47,V47)<0,"NEGATIVE STOCK - CHECK ENTRIES","") | X47: 0 | Y47: 0 | Z47: =X47-Y47 -> 0 | AA47: 0 | AB47: 0 | AC47: =AA47-AB47 -> 0 | AD47: 0 | AE47: 0 | AF47: =AD47-AE47 -> 0 | AG47: 0 | AH47: 0 | AI47: =AG47-AH47 -> 0
A48: Caribbean king | B48: 100 | C48: SEED | D48: CUSTOM&TRIAL | E48: 0 | F48: 0 | G48: 0 | H48: =E48+F48+G48 -> 0 | I48: 0 | J48: 0 | K48: 0 | L48: 0 | M48: 0 | N48: 0 | O48: 0 | P48: 0 | Q48: 0 | R48: 0 | S48: =H48+O48+P48+Q48+R48-(I48+J48+K48+L48+M48+N48) -> 0 | T48: =E48+O48-I48-L48 -> 0 | U48: =F48+P48-J48-M48 -> 0 | V48: =G48+Q48-K48-N48 -> 0 | W48: =IF(MIN(T48,U48,V48)<0,"NEGATIVE STOCK - CHECK ENTRIES","") | X48: 0 | Y48: 0 | Z48: =X48-Y48 -> 0 | AA48: 0 | AB48: 0 | AC48: =AA48-AB48 -> 0 | AD48: 0 | AE48: 0 | AF48: =AD48-AE48 -> 0 | AG48: 0 | AH48: 0 | AI48: =AG48-AH48 -> 0
A49: Cartegeneous | B49: 1000 | D49: COMMERCIAL | E49: ='26 june'!T49 -> 0 | F49: ='26 june'!U49 -> 0 | G49: ='26 june'!V49 -> 0 | H49: =E49+F49+G49 -> 0 | I49: 0 | J49: 0 | K49: 0 | L49: 0 | M49: 0 | N49: 0 | O49: 0 | P49: 0 | Q49: 0 | R49: 0 | S49: =H49+O49+P49+Q49+R49-(I49+J49+K49+L49+M49+N49) -> 0 | T49: =E49+O49-I49-L49 -> 0 | U49: =F49+P49-J49-M49 -> 0 | V49: =G49+Q49-K49-N49 -> 0 | W49: =IF(MIN(T49,U49,V49)<0,"NEGATIVE STOCK - CHECK ENTRIES","") | X49: 0 | Y49: 0 | Z49: =X49-Y49 -> 0 | AA49: 0 | AB49: 0 | AC49: =AA49-AB49 -> 0 | AD49: 0 | AE49: 0 | AF49: =AD49-AE49 -> 0 | AG49: 0 | AH49: 0 | AI49: =AG49-AH49 -> 0
A50: Cauliflower CASPER RZ F1 | B50: 1000 | C50: SEED | D50: COMMERCIAL | E50: 0 | F50: 0 | G50: 0 | H50: =E50+F50+G50 -> 0 | I50: 0 | J50: 0 | K50: 0 | L50: 0 | M50: 0 | N50: 0 | O50: 0 | P50: 0 | Q50: 0 | R50: 0 | S50: =H50+O50+P50+Q50+R50-(I50+J50+K50+L50+M50+N50) -> 0 | T50: =E50+O50-I50-L50 -> 0 | U50: =F50+P50-J50-M50 -> 0 | V50: =G50+Q50-K50-N50 -> 0 | W50: =IF(MIN(T50,U50,V50)<0,"NEGATIVE STOCK - CHECK ENTRIES","") | X50: 0 | Y50: 0 | Z50: =X50-Y50 -> 0 | AA50: 0 | AB50: 0 | AC50: =AA50-AB50 -> 0 | AD50: 0 | AE50: 0 | AF50: =AD50-AE50 -> 0 | AG50: 0 | AH50: 0 | AI50: =AG50-AH50 -> 0
A51: Cauliflower CASPER RZ F4 | B51: 1000 | C51: SEED | D51: COMMERCIAL | E51: ='26 june'!T51 -> 3 | F51: ='26 june'!U51 -> 17 | G51: ='26 june'!V51 -> 0 | H51: =E51+F51+G51 -> 20 | I51: 0 | J51: 0 | K51: 0 | L51: 0 | M51: 0 | N51: 0 | O51: 0 | P51: 0 | Q51: 0 | R51: 0 | S51: =H51+O51+P51+Q51+R51-(I51+J51+K51+L51+M51+N51) -> 20 | T51: =E51+O51-I51-L51 -> 3 | U51: =F51+P51-J51-M51 -> 17 | V51: =G51+Q51-K51-N51 -> 0 | W51: =IF(MIN(T51,U51,V51)<0,"NEGATIVE STOCK - CHECK ENTRIES","") | X51: 0 | Y51: 0 | Z51: =X51-Y51 -> 0 | AA51: 0 | AB51: 0 | AC51: =AA51-AB51 -> 0 | AD51: 0 | AE51: 0 | AF51: =AD51-AE51 -> 0 | AG51: 0 | AH51: 0 | AI51: =AG51-AH51 -> 0
A52: Cauliflower MONEERA RZ F4 | B52: 1000 | C52: SEED | D52: COMMERCIAL | E52: ='26 june'!T52 -> 5 | F52: ='26 june'!U52 -> 1 | G52: ='26 june'!V52 -> 2 | H52: =E52+F52+G52 -> 8 | I52: 0 | J52: 0 | K52: 0 | L52: 0 | M52: 0 | N52: 0 | O52: 0 | P52: 0 | Q52: 0 | R52: 0 | S52: =H52+O52+P52+Q52+R52-(I52+J52+K52+L52+M52+N52) -> 8 | T52: =E52+O52-I52-L52 -> 5 | U52: =F52+P52-J52-M52 -> 1 | V52: =G52+Q52-K52-N52 -> 2 | W52: =IF(MIN(T52,U52,V52)<0,"NEGATIVE STOCK - CHECK ENTRIES","") | X52: 0 | Y52: 0 | Z52: =X52-Y52 -> 0 | AA52: 0 | AB52: 0 | AC52: =AA52-AB52 -> 0 | AD52: 0 | AE52: 0 | AF52: =AD52-AE52 -> 0 | AG52: 0 | AH52: 0 | AI52: =AG52-AH52 -> 0
A53: Chromis | B53: 100 | C53: SEED | D53: MASIFIO CUSTOM | E53: 0 | F53: 0 | G53: 0 | H53: =E53+F53+G53 -> 0 | I53: 0 | J53: 0 | K53: 0 | L53: 0 | M53: 0 | N53: 0 | O53: 0 | P53: 0 | Q53: 0 | R53: 0 | S53: =H53+O53+P53+Q53+R53-(I53+J53+K53+L53+M53+N53) -> 0 | T53: =E53+O53-I53-L53 -> 0 | U53: =F53+P53-J53-M53 -> 0 | V53: =G53+Q53-K53-N53 -> 0 | W53: =IF(MIN(T53,U53,V53)<0,"NEGATIVE STOCK - CHECK ENTRIES","") | X53: 0 | Y53: 0 | Z53: =X53-Y53 -> 0 | AA53: 0 | AB53: 0 | AC53: =AA53-AB53 -> 0 | AD53: 0 | AE53: 0 | AF53: =AD53-AE53 -> 0 | AG53: 0 | AH53: 0 | AI53: =AG53-AH53 -> 0
A54: Codex | B54: 1000 | C54: SEED | D54: MASIFIO CUSTOM | E54: 0 | F54: 0 | G54: 0 | H54: =E54+F54+G54 -> 0 | I54: 0 | J54: 0 | K54: 0 | L54: 0 | M54: 0 | N54: 0 | O54: 0 | P54: 0 | Q54: 0 | R54: 0 | S54: =H54+O54+P54+Q54+R54-(I54+J54+K54+L54+M54+N54) -> 0 | T54: =E54+O54-I54-L54 -> 0 | U54: =F54+P54-J54-M54 -> 0 | V54: =G54+Q54-K54-N54 -> 0 | W54: =IF(MIN(T54,U54,V54)<0,"NEGATIVE STOCK - CHECK ENTRIES","") | X54: 0 | Y54: 0 | Z54: =X54-Y54 -> 0 | AA54: 0 | AB54: 0 | AC54: =AA54-AB54 -> 0 | AD54: 0 | AE54: 0 | AF54: =AD54-AE54 -> 0 | AG54: 0 | AH54: 0 | AI54: =AG54-AH54 -> 0
A55: concorde | B55: 5000 | C55: SEED | D55: CUSTOM&TRIAL | E55: 0 | F55: 0 | G55: 0 | H55: =E55+F55+G55 -> 0 | I55: 0 | J55: 0 | K55: 0 | L55: 0 | M55: 0 | N55: 0 | O55: 0 | P55: 0 | Q55: 0 | R55: 0 | S55: =H55+O55+P55+Q55+R55-(I55+J55+K55+L55+M55+N55) -> 0 | T55: =E55+O55-I55-L55 -> 0 | U55: =F55+P55-J55-M55 -> 0 | V55: =G55+Q55-K55-N55 -> 0 | W55: =IF(MIN(T55,U55,V55)<0,"NEGATIVE STOCK - CHECK ENTRIES","") | X55: 0 | Y55: 0 | Z55: =X55-Y55 -> 0 | AA55: 0 | AB55: 0 | AC55: =AA55-AB55 -> 0 | AD55: 0 | AE55: 0 | AF55: =AD55-AE55 -> 0 | AG55: 0 | AH55: 0 | AI55: =AG55-AH55 -> 0
A56: cook | B56: 1000 | C56: SEED | D56: MASIFIO CUSTOM | E56: 0 | F56: 0 | G56: 0 | H56: =E56+F56+G56 -> 0 | I56: 0 | J56: 0 | K56: 0 | L56: 0 | M56: 0 | N56: 0 | O56: 0 | P56: 0 | Q56: 0 | R56: 0 | S56: =H56+O56+P56+Q56+R56-(I56+J56+K56+L56+M56+N56) -> 0 | T56: =E56+O56-I56-L56 -> 0 | U56: =F56+P56-J56-M56 -> 0 | V56: =G56+Q56-K56-N56 -> 0 | W56: =IF(MIN(T56,U56,V56)<0,"NEGATIVE STOCK - CHECK ENTRIES","") | X56: 0 | Y56: 0 | Z56: =X56-Y56 -> 0 | AA56: 0 | AB56: 0 | AC56: =AA56-AB56 -> 0 | AD56: 0 | AE56: 0 | AF56: =AD56-AE56 -> 0 | AG56: 0 | AH56: 0 | AI56: =AG56-AH56 -> 0
A57: Cos lettuce MAXIMUS RZ | B57: 1000 | C57: SEED | D57: COMMERCIAL | E57: ='26 june'!T57 -> 0 | F57: ='26 june'!U57 -> 2 | G57: ='26 june'!V57 -> 0 | H57: =E57+F57+G57 -> 2 | I57: 0 | J57: 0 | K57: 0 | L57: 0 | M57: 0 | N57: 0 | O57: 0 | P57: 0 | Q57: 0 | R57: 0 | S57: =H57+O57+P57+Q57+R57-(I57+J57+K57+L57+M57+N57) -> 2 | T57: =E57+O57-I57-L57 -> 0 | U57: =F57+P57-J57-M57 -> 2 | V57: =G57+Q57-K57-N57 -> 0 | W57: =IF(MIN(T57,U57,V57)<0,"NEGATIVE STOCK - CHECK ENTRIES","") | X57: 0 | Y57: 0 | Z57: =X57-Y57 -> 0 | AA57: 0 | AB57: 0 | AC57: =AA57-AB57 -> 0 | AD57: 0 | AE57: 0 | AF57: =AD57-AE57 -> 0 | AG57: 0 | AH57: 0 | AI57: =AG57-AH57 -> 0
A58: Coulthard | B58: 100000 | C58: SEED | D58: MASIFIO CUSTOM | E58: 0 | F58: 0 | G58: 0 | H58: =E58+F58+G58 -> 0 | I58: 0 | J58: 0 | K58: 0 | L58: 0 | M58: 0 | N58: 0 | O58: 0 | P58: 0 | Q58: 0 | R58: 0 | S58: =H58+O58+P58+Q58+R58-(I58+J58+K58+L58+M58+N58) -> 0 | T58: =E58+O58-I58-L58 -> 0 | U58: =F58+P58-J58-M58 -> 0 | V58: =G58+Q58-K58-N58 -> 0 | W58: =IF(MIN(T58,U58,V58)<0,"NEGATIVE STOCK - CHECK ENTRIES","") | X58: 0 | Y58: 0 | Z58: =X58-Y58 -> 0 | AA58: 0 | AB58: 0 | AC58: =AA58-AB58 -> 0 | AD58: 0 | AE58: 0 | AF58: =AD58-AE58 -> 0 | AG58: 0 | AH58: 0 | AI58: =AG58-AH58 -> 0
A59: Cucumber LARINO RZ F1 | B59: 100 | C59: SEED | D59: COMMERCIAL | E59: ='26 june'!T59 -> 0 | F59: ='26 june'!U59 -> 0 | G59: ='26 june'!V59 -> 6 | H59: =E59+F59+G59 -> 6 | I59: 0 | J59: 0 | K59: 0 | L59: 0 | M59: 0 | N59: 0 | O59: 0 | P59: 0 | Q59: 0 | R59: 0 | S59: =H59+O59+P59+Q59+R59-(I59+J59+K59+L59+M59+N59) -> 6 | T59: =E59+O59-I59-L59 -> 0 | U59: =F59+P59-J59-M59 -> 0 | V59: =G59+Q59-K59-N59 -> 6 | W59: =IF(MIN(T59,U59,V59)<0,"NEGATIVE STOCK - CHECK ENTRIES","") | X59: 0 | Y59: 0 | Z59: =X59-Y59 -> 0 | AA59: 0 | AB59: 0 | AC59: =AA59-AB59 -> 0 | AD59: 0 | AE59: 0 | AF59: =AD59-AE59 -> 0 | AG59: 0 | AH59: 0 | AI59: =AG59-AH59 -> 0
A60: Daywalt | B60: 100000 | C60: SEED | D60: MASIFIO CUSTOM | E60: 0 | F60: 0 | G60: 0 | H60: =E60+F60+G60 -> 0 | I60: 0 | J60: 0 | K60: 0 | L60: 0 | M60: 0 | N60: 0 | O60: 0 | P60: 0 | Q60: 0 | R60: 0 | S60: =H60+O60+P60+Q60+R60-(I60+J60+K60+L60+M60+N60) -> 0 | T60: =E60+O60-I60-L60 -> 0 | U60: =F60+P60-J60-M60 -> 0 | V60: =G60+Q60-K60-N60 -> 0 | W60: =IF(MIN(T60,U60,V60)<0,"NEGATIVE STOCK - CHECK ENTRIES","") | X60: 0 | Y60: 0 | Z60: =X60-Y60 -> 0 | AA60: 0 | AB60: 0 | AC60: =AA60-AB60 -> 0 | AD60: 0 | AE60: 0 | AF60: =AD60-AE60 -> 0 | AG60: 0 | AH60: 0 | AI60: =AG60-AH60 -> 0
A61: Diapson | B61: 100 | C61: SEED | D61: MASIFIO CUSTOM | E61: 0 | F61: 0 | G61: 0 | H61: =E61+F61+G61 -> 0 | I61: 0 | J61: 0 | K61: 0 | L61: 0 | M61: 0 | N61: 0 | O61: 0 | P61: 0 | Q61: 0 | R61: 0 | S61: =H61+O61+P61+Q61+R61-(I61+J61+K61+L61+M61+N61) -> 0 | T61: =E61+O61-I61-L61 -> 0 | U61: =F61+P61-J61-M61 -> 0 | V61: =G61+Q61-K61-N61 -> 0 | W61: =IF(MIN(T61,U61,V61)<0,"NEGATIVE STOCK - CHECK ENTRIES","") | X61: 0 | Y61: 0 | Z61: =X61-Y61 -> 0 | AA61: 0 | AB61: 0 | AC61: =AA61-AB61 -> 0 | AD61: 0 | AE61: 0 | AF61: =AD61-AE61 -> 0 | AG61: 0 | AH61: 0 | AI61: =AG61-AH61 -> 0
A62: DRIP KIT DK500-G | B62: 0 | C62: IRRIGATION | D62: COMMERCIAL | E62: 0 | F62: 0 | G62: 0 | H62: =E62+F62+G62 -> 0 | I62: 0 | J62: 0 | K62: 0 | L62: 0 | M62: 0 | N62: 0 | O62: 0 | P62: 0 | Q62: 0 | R62: 0 | S62: =H62+O62+P62+Q62+R62-(I62+J62+K62+L62+M62+N62) -> 0 | T62: =E62+O62-I62-L62 -> 0 | U62: =F62+P62-J62-M62 -> 0 | V62: =G62+Q62-K62-N62 -> 0 | W62: =IF(MIN(T62,U62,V62)<0,"NEGATIVE STOCK - CHECK ENTRIES","") | X62: 0 | Y62: 0 | Z62: =X62-Y62 -> 0 | AA62: 0 | AB62: 0 | AC62: =AA62-AB62 -> 0 | AD62: 0 | AE62: 0 | AF62: =AD62-AE62 -> 0 | AG62: 0 | AH62: 0 | AI62: =AG62-AH62 -> 0
A63: Exact | B63: 1000 | C63: SEED | D63: MASIFIO CUSTOM | E63: 0 | F63: 0 | G63: 0 | H63: =E63+F63+G63 -> 0 | I63: 0 | J63: 0 | K63: 0 | L63: 0 | M63: 0 | N63: 0 | O63: 0 | P63: 0 | Q63: 0 | R63: 0 | S63: =H63+O63+P63+Q63+R63-(I63+J63+K63+L63+M63+N63) -> 0 | T63: =E63+O63-I63-L63 -> 0 | U63: =F63+P63-J63-M63 -> 0 | V63: =G63+Q63-K63-N63 -> 0 | W63: =IF(MIN(T63,U63,V63)<0,"NEGATIVE STOCK - CHECK ENTRIES","") | X63: 0 | Y63: 0 | Z63: =X63-Y63 -> 0 | AA63: 0 | AB63: 0 | AC63: =AA63-AB63 -> 0 | AD63: 0 | AE63: 0 | AF63: =AD63-AE63 -> 0 | AG63: 0 | AH63: 0 | AI63: =AG63-AH63 -> 0
A64: excentric | B64: 1000 | C64: SEED | D64: MASIFIO CUSTOM | E64: 0 | F64: 0 | G64: 0 | H64: =E64+F64+G64 -> 0 | I64: 0 | J64: 0 | K64: 0 | L64: 0 | M64: 0 | N64: 0 | O64: 0 | P64: 0 | Q64: 0 | R64: 0 | S64: =H64+O64+P64+Q64+R64-(I64+J64+K64+L64+M64+N64) -> 0 | T64: =E64+O64-I64-L64 -> 0 | U64: =F64+P64-J64-M64 -> 0 | V64: =G64+Q64-K64-N64 -> 0 | W64: =IF(MIN(T64,U64,V64)<0,"NEGATIVE STOCK - CHECK ENTRIES","") | X64: 0 | Y64: 0 | Z64: =X64-Y64 -> 0 | AA64: 0 | AB64: 0 | AC64: =AA64-AB64 -> 0 | AD64: 0 | AE64: 0 | AF64: =AD64-AE64 -> 0 | AG64: 0 | AH64: 0 | AI64: =AG64-AH64 -> 0
A65: Excurcus | B65: 1000 | C65: SEED | D65: MASIFIO CUSTOM | E65: 0 | F65: 0 | G65: 0 | H65: =E65+F65+G65 -> 0 | I65: 0 | J65: 0 | K65: 0 | L65: 0 | M65: 0 | N65: 0 | O65: 0 | P65: 0 | Q65: 0 | R65: 0 | S65: =H65+O65+P65+Q65+R65-(I65+J65+K65+L65+M65+N65) -> 0 | T65: =E65+O65-I65-L65 -> 0 | U65: =F65+P65-J65-M65 -> 0 | V65: =G65+Q65-K65-N65 -> 0 | W65: =IF(MIN(T65,U65,V65)<0,"NEGATIVE STOCK - CHECK ENTRIES","") | X65: 0 | Y65: 0 | Z65: =X65-Y65 -> 0 | AA65: 0 | AB65: 0 | AC65: =AA65-AB65 -> 0 | AD65: 0 | AE65: 0 | AF65: =AD65-AE65 -> 0 | AG65: 0 | AH65: 0 | AI65: =AG65-AH65 -> 0
A66: fantastic | B66: 100 | C66: SEED | D66: CUSTOM&TRIAL | E66: 0 | F66: 0 | G66: 0 | H66: =E66+F66+G66 -> 0 | I66: 0 | J66: 0 | K66: 0 | L66: 0 | M66: 0 | N66: 0 | O66: 0 | P66: 0 | Q66: 0 | R66: 0 | S66: =H66+O66+P66+Q66+R66-(I66+J66+K66+L66+M66+N66) -> 0 | T66: =E66+O66-I66-L66 -> 0 | U66: =F66+P66-J66-M66 -> 0 | V66: =G66+Q66-K66-N66 -> 0 | W66: =IF(MIN(T66,U66,V66)<0,"NEGATIVE STOCK - CHECK ENTRIES","") | X66: 0 | Y66: 0 | Z66: =X66-Y66 -> 0 | AA66: 0 | AB66: 0 | AC66: =AA66-AB66 -> 0 | AD66: 0 | AE66: 0 | AF66: =AD66-AE66 -> 0 | AG66: 0 | AH66: 0 | AI66: =AG66-AH66 -> 0
A67: Fennel BOELLI | B67: 1000 | C67: SEED | D67: COMMERCIAL | E67: ='26 june'!T67 -> 2 | F67: ='26 june'!U67 -> 0 | G67: ='26 june'!V67 -> 0 | H67: =E67+F67+G67 -> 2 | I67: 0 | J67: 0 | K67: 0 | L67: 0 | M67: 0 | N67: 0 | O67: 0 | P67: 0 | Q67: 0 | R67: 0 | S67: =H67+O67+P67+Q67+R67-(I67+J67+K67+L67+M67+N67) -> 2 | T67: =E67+O67-I67-L67 -> 2 | U67: =F67+P67-J67-M67 -> 0 | V67: =G67+Q67-K67-N67 -> 0 | W67: =IF(MIN(T67,U67,V67)<0,"NEGATIVE STOCK - CHECK ENTRIES","") | X67: 0 | Y67: 0 | Z67: =X67-Y67 -> 0 | AA67: 0 | AB67: 0 | AC67: =AA67-AB67 -> 0 | AD67: 0 | AE67: 0 | AF67: =AD67-AE67 -> 0 | AG67: 0 | AH67: 0 | AI67: =AG67-AH67 -> 0
A68: Floccus | B68: 5000 | C68: SEED | D68: MASIFIO CUSTOM | E68: 0 | F68: 0 | G68: 0 | H68: =E68+F68+G68 -> 0 | I68: 0 | J68: 0 | K68: 0 | L68: 0 | M68: 0 | N68: 0 | O68: 0 | P68: 0 | Q68: 0 | R68: 0 | S68: =H68+O68+P68+Q68+R68-(I68+J68+K68+L68+M68+N68) -> 0 | T68: =E68+O68-I68-L68 -> 0 | U68: =F68+P68-J68-M68 -> 0 | V68: =G68+Q68-K68-N68 -> 0 | W68: =IF(MIN(T68,U68,V68)<0,"NEGATIVE STOCK - CHECK ENTRIES","") | X68: 0 | Y68: 0 | Z68: =X68-Y68 -> 0 | AA68: 0 | AB68: 0 | AC68: =AA68-AB68 -> 0 | AD68: 0 | AE68: 0 | AF68: =AD68-AE68 -> 0 | AG68: 0 | AH68: 0 | AI68: =AG68-AH68 -> 0
A69: Gamhar | B69: 100 | C69: SEED | D69: CUSTOM&TRIAL | E69: 0 | F69: 0 | G69: 0 | H69: =E69+F69+G69 -> 0 | I69: 0 | J69: 0 | K69: 0 | L69: 0 | M69: 0 | N69: 0 | O69: 0 | P69: 0 | Q69: 0 | R69: 0 | S69: =H69+O69+P69+Q69+R69-(I69+J69+K69+L69+M69+N69) -> 0 | T69: =E69+O69-I69-L69 -> 0 | U69: =F69+P69-J69-M69 -> 0 | V69: =G69+Q69-K69-N69 -> 0 | W69: =IF(MIN(T69,U69,V69)<0,"NEGATIVE STOCK - CHECK ENTRIES","") | X69: 0 | Y69: 0 | Z69: =X69-Y69 -> 0 | AA69: 0 | AB69: 0 | AC69: =AA69-AB69 -> 0 | AD69: 0 | AE69: 0 | AF69: =AD69-AE69 -> 0 | AG69: 0 | AH69: 0 | AI69: =AG69-AH69 -> 0
A70: Gibbard | B70: 5000 | C70: SEED | D70: MASIFIO CUSTOM | E70: 0 | F70: 0 | G70: 0 | H70: =E70+F70+G70 -> 0 | I70: 0 | J70: 0 | K70: 0 | L70: 0 | M70: 0 | N70: 0 | O70: 0 | P70: 0 | Q70: 0 | R70: 0 | S70: =H70+O70+P70+Q70+R70-(I70+J70+K70+L70+M70+N70) -> 0 | T70: =E70+O70-I70-L70 -> 0 | U70: =F70+P70-J70-M70 -> 0 | V70: =G70+Q70-K70-N70 -> 0 | W70: =IF(MIN(T70,U70,V70)<0,"NEGATIVE STOCK - CHECK ENTRIES","") | X70: 0 | Y70: 0 | Z70: =X70-Y70 -> 0 | AA70: 0 | AB70: 0 | AC70: =AA70-AB70 -> 0 | AD70: 0 | AE70: 0 | AF70: =AD70-AE70 -> 0 | AG70: 0 | AH70: 0 | AI70: =AG70-AH70 -> 0
A71: Gimli | B71: 100 | C71: SEED | D71: MASIFIO CUSTOM | E71: 0 | F71: 0 | G71: 0 | H71: =E71+F71+G71 -> 0 | I71: 0 | J71: 0 | K71: 0 | L71: 0 | M71: 0 | N71: 0 | O71: 0 | P71: 0 | Q71: 0 | R71: 0 | S71: =H71+O71+P71+Q71+R71-(I71+J71+K71+L71+M71+N71) -> 0 | T71: =E71+O71-I71-L71 -> 0 | U71: =F71+P71-J71-M71 -> 0 | V71: =G71+Q71-K71-N71 -> 0 | W71: =IF(MIN(T71,U71,V71)<0,"NEGATIVE STOCK - CHECK ENTRIES","") | X71: 0 | Y71: 0 | Z71: =X71-Y71 -> 0 | AA71: 0 | AB71: 0 | AC71: =AA71-AB71 -> 0 | AD71: 0 | AE71: 0 | AF71: =AD71-AE71 -> 0 | AG71: 0 | AH71: 0 | AI71: =AG71-AH71 -> 0
A72: Gladial | B72: 100 | C72: SEED | D72: CUSTOM&TRIAL | E72: 0 | F72: 0 | G72: 0 | H72: =E72+F72+G72 -> 0 | I72: 0 | J72: 0 | K72: 0 | L72: 0 | M72: 0 | N72: 0 | O72: 0 | P72: 0 | Q72: 0 | R72: 0 | S72: =H72+O72+P72+Q72+R72-(I72+J72+K72+L72+M72+N72) -> 0 | T72: =E72+O72-I72-L72 -> 0 | U72: =F72+P72-J72-M72 -> 0 | V72: =G72+Q72-K72-N72 -> 0 | W72: =IF(MIN(T72,U72,V72)<0,"NEGATIVE STOCK - CHECK ENTRIES","") | X72: 0 | Y72: 0 | Z72: =X72-Y72 -> 0 | AA72: 0 | AB72: 0 | AC72: =AA72-AB72 -> 0 | AD72: 0 | AE72: 0 | AF72: =AD72-AE72 -> 0 | AG72: 0 | AH72: 0 | AI72: =AG72-AH72 -> 0
A73: Gourami | B73: 100 | C73: SEED | D73: MASIFIO CUSTOM | E73: 0 | F73: 0 | G73: 0 | H73: =E73+F73+G73 -> 0 | I73: 0 | J73: 0 | K73: 0 | L73: 0 | M73: 0 | N73: 0 | O73: 0 | P73: 0 | Q73: 0 | R73: 0 | S73: =H73+O73+P73+Q73+R73-(I73+J73+K73+L73+M73+N73) -> 0 | T73: =E73+O73-I73-L73 -> 0 | U73: =F73+P73-J73-M73 -> 0 | V73: =G73+Q73-K73-N73 -> 0 | W73: =IF(MIN(T73,U73,V73)<0,"NEGATIVE STOCK - CHECK ENTRIES","") | X73: 0 | Y73: 0 | Z73: =X73-Y73 -> 0 | AA73: 0 | AB73: 0 | AC73: =AA73-AB73 -> 0 | AD73: 0 | AE73: 0 | AF73: =AD73-AE73 -> 0 | AG73: 0 | AH73: 0 | AI73: =AG73-AH73 -> 0
A74: grecale | B74: 1000 | C74: SEED | D74: MASIFIO CUSTOM | E74: 0 | F74: 0 | G74: 0 | H74: =E74+F74+G74 -> 0 | I74: 0 | J74: 0 | K74: 0 | L74: 0 | M74: 0 | N74: 0 | O74: 0 | P74: 0 | Q74: 0 | R74: 0 | S74: =H74+O74+P74+Q74+R74-(I74+J74+K74+L74+M74+N74) -> 0 | T74: =E74+O74-I74-L74 -> 0 | U74: =F74+P74-J74-M74 -> 0 | V74: =G74+Q74-K74-N74 -> 0 | W74: =IF(MIN(T74,U74,V74)<0,"NEGATIVE STOCK - CHECK ENTRIES","") | X74: 0 | Y74: 0 | Z74: =X74-Y74 -> 0 | AA74: 0 | AB74: 0 | AC74: =AA74-AB74 -> 0 | AD74: 0 | AE74: 0 | AF74: =AD74-AE74 -> 0 | AG74: 0 | AH74: 0 | AI74: =AG74-AH74 -> 0
A75: GREEN HOUSE | B75: NOT COMPLETE | C75: GREEN HOUSE | D75: COMMERCIAL | E75: 0 | F75: 0 | G75: 0 | H75: =E75+F75+G75 -> 0 | I75: 0 | J75: 0 | K75: 0 | L75: 0 | M75: 0 | N75: 0 | O75: 0 | P75: 0 | Q75: 0 | R75: 0 | S75: =H75+O75+P75+Q75+R75-(I75+J75+K75+L75+M75+N75) -> 0 | T75: =E75+O75-I75-L75 -> 0 | U75: =F75+P75-J75-M75 -> 0 | V75: =G75+Q75-K75-N75 -> 0 | W75: =IF(MIN(T75,U75,V75)<0,"NEGATIVE STOCK - CHECK ENTRIES","") | X75: 0 | Y75: 0 | Z75: =X75-Y75 -> 0 | AA75: 0 | AB75: 0 | AC75: =AA75-AB75 -> 0 | AD75: 0 | AE75: 0 | AF75: =AD75-AE75 -> 0 | AG75: 0 | AH75: 0 | AI75: =AG75-AH75 -> 0
A76: Hazleton | B76: 1000 | C76: SEED | D76: MASIFIO CUSTOM | E76: 0 | F76: 0 | G76: 0 | H76: =E76+F76+G76 -> 0 | I76: 0 | J76: 0 | K76: 0 | L76: 0 | M76: 0 | N76: 0 | O76: 0 | P76: 0 | Q76: 0 | R76: 0 | S76: =H76+O76+P76+Q76+R76-(I76+J76+K76+L76+M76+N76) -> 0 | T76: =E76+O76-I76-L76 -> 0 | U76: =F76+P76-J76-M76 -> 0 | V76: =G76+Q76-K76-N76 -> 0 | W76: =IF(MIN(T76,U76,V76)<0,"NEGATIVE STOCK - CHECK ENTRIES","") | X76: 0 | Y76: 0 | Z76: =X76-Y76 -> 0 | AA76: 0 | AB76: 0 | AC76: =AA76-AB76 -> 0 | AD76: 0 | AE76: 0 | AF76: =AD76-AE76 -> 0 | AG76: 0 | AH76: 0 | AI76: =AG76-AH76 -> 0
A77: Hilbert | B77: 1000 | C77: SEED | D77: MASIFIO CUSTOM | E77: 0 | F77: 0 | G77: 0 | H77: =E77+F77+G77 -> 0 | I77: 0 | J77: 0 | K77: 0 | L77: 0 | M77: 0 | N77: 0 | O77: 0 | P77: 0 | Q77: 0 | R77: 0 | S77: =H77+O77+P77+Q77+R77-(I77+J77+K77+L77+M77+N77) -> 0 | T77: =E77+O77-I77-L77 -> 0 | U77: =F77+P77-J77-M77 -> 0 | V77: =G77+Q77-K77-N77 -> 0 | W77: =IF(MIN(T77,U77,V77)<0,"NEGATIVE STOCK - CHECK ENTRIES","") | X77: 0 | Y77: 0 | Z77: =X77-Y77 -> 0 | AA77: 0 | AB77: 0 | AC77: =AA77-AB77 -> 0 | AD77: 0 | AE77: 0 | AF77: =AD77-AE77 -> 0 | AG77: 0 | AH77: 0 | AI77: =AG77-AH77 -> 0
A78: Horiver Blue | B78: 0 | C78: IPM | D78: COMMERCIAL | E78: ='26 june'!T78 -> 107 | F78: ='26 june'!U78 -> 6 | G78: ='26 june'!V78 -> 4 | H78: =E78+F78+G78 -> 117 | I78: 0 | J78: 0 | K78: 0 | L78: 0 | M78: 0 | N78: 0 | O78: 0 | P78: 0 | Q78: 0 | R78: 0 | S78: =H78+O78+P78+Q78+R78-(I78+J78+K78+L78+M78+N78) -> 117 | T78: =E78+O78-I78-L78 -> 107 | U78: =F78+P78-J78-M78 -> 6 | V78: =G78+Q78-K78-N78 -> 4 | W78: =IF(MIN(T78,U78,V78)<0,"NEGATIVE STOCK - CHECK ENTRIES","") | X78: 0 | Y78: 0 | Z78: =X78-Y78 -> 0 | AA78: 0 | AB78: 0 | AC78: =AA78-AB78 -> 0 | AD78: 0 | AE78: 0 | AF78: =AD78-AE78 -> 0 | AG78: 0 | AH78: 0 | AI78: =AG78-AH78 -> 0
A79: Horiver Yellow | B79: 0 | C79: IPM | D79: COMMERCIAL | E79: ='26 june'!T79 -> 96 | F79: ='26 june'!U79 -> 4 | G79: ='26 june'!V79 -> 9 | H79: =E79+F79+G79 -> 109 | I79: 0 | J79: 0 | K79: 0 | L79: 0 | M79: 0 | N79: 0 | O79: 0 | P79: 0 | Q79: 0 | R79: 0 | S79: =H79+O79+P79+Q79+R79-(I79+J79+K79+L79+M79+N79) -> 109 | T79: =E79+O79-I79-L79 -> 96 | U79: =F79+P79-J79-M79 -> 4 | V79: =G79+Q79-K79-N79 -> 9 | W79: =IF(MIN(T79,U79,V79)<0,"NEGATIVE STOCK - CHECK ENTRIES","") | X79: 0 | Y79: 0 | Z79: =X79-Y79 -> 0 | AA79: 0 | AB79: 0 | AC79: =AA79-AB79 -> 0 | AD79: 0 | AE79: 0 | AF79: =AD79-AE79 -> 0 | AG79: 0 | AH79: 0 | AI79: =AG79-AH79 -> 0
A80: Hot pepper HABIB RZ F1 | B80: 100 | C80: SEED | D80: COMMERCIAL | E80: ='26 june'!T80 -> 48 | F80: ='26 june'!U80 -> 135 | G80: ='26 june'!V80 -> 104 | H80: =E80+F80+G80 -> 287 | I80: 0 | J80: 4 | K80: 0 | L80: 0 | M80: 0 | N80: 0 | O80: 0 | P80: 0 | Q80: 0 | R80: 0 | S80: =H80+O80+P80+Q80+R80-(I80+J80+K80+L80+M80+N80) -> 283 | T80: =E80+O80-I80-L80 -> 48 | U80: =F80+P80-J80-M80 -> 131 | V80: =G80+Q80-K80-N80 -> 104 | W80: =IF(MIN(T80,U80,V80)<0,"NEGATIVE STOCK - CHECK ENTRIES","") | X80: 0 | Y80: 0 | Z80: =X80-Y80 -> 0 | AA80: 0 | AB80: 0 | AC80: =AA80-AB80 -> 0 | AD80: 0 | AE80: 0 | AF80: =AD80-AE80 -> 0 | AG80: 0 | AH80: 0 | AI80: =AG80-AH80 -> 0
A81: Hot pepper MEXTIZO RZ F3 | B81: 500 | C81: SEED | D81: COMMERCIAL | E81: ='26 june'!T81 -> 7 | F81: ='26 june'!U81 -> 0 | G81: ='26 june'!V81 -> 0 | H81: =E81+F81+G81 -> 7 | I81: 0 | J81: 0 | K81: 0 | L81: 0 | M81: 0 | N81: 0 | O81: 0 | P81: 0 | Q81: 0 | R81: 0 | S81: =H81+O81+P81+Q81+R81-(I81+J81+K81+L81+M81+N81) -> 7 | T81: =E81+O81-I81-L81 -> 7 | U81: =F81+P81-J81-M81 -> 0 | V81: =G81+Q81-K81-N81 -> 0 | W81: =IF(MIN(T81,U81,V81)<0,"NEGATIVE STOCK - CHECK ENTRIES","") | X81: 0 | Y81: 0 | Z81: =X81-Y81 -> 0 | AA81: 0 | AB81: 0 | AC81: =AA81-AB81 -> 0 | AD81: 0 | AE81: 0 | AF81: =AD81-AE81 -> 0 | AG81: 0 | AH81: 0 | AI81: =AG81-AH81 -> 0
A82: Hot pepper MEXTIZO RZ F4 | B82: 100 | C82: SEED | D82: COMMERCIAL | E82: ='26 june'!T82 -> 77 | F82: ='26 june'!U82 -> 277 | G82: ='26 june'!V82 -> 35 | H82: =E82+F82+G82 -> 389 | I82: 0 | J82: 0 | K82: 0 | L82: 0 | M82: 0 | N82: 0 | O82: 0 | P82: 0 | Q82: 0 | R82: 0 | S82: =H82+O82+P82+Q82+R82-(I82+J82+K82+L82+M82+N82) -> 389 | T82: =E82+O82-I82-L82 -> 77 | U82: =F82+P82-J82-M82 -> 277 | V82: =G82+Q82-K82-N82 -> 35 | W82: =IF(MIN(T82,U82,V82)<0,"NEGATIVE STOCK - CHECK ENTRIES","") | X82: 0 | Y82: 0 | Z82: =X82-Y82 -> 0 | AA82: 0 | AB82: 0 | AC82: =AA82-AB82 -> 0 | AD82: 0 | AE82: 0 | AF82: =AD82-AE82 -> 0 | AG82: 0 | AH82: 0 | AI82: =AG82-AH82 -> 0
A83: Iceberg lettuce Bruma RZ | B83: 1000 | C83: SEED | D83: COMMERCIAL | E83: ='26 june'!T83 -> -3 | F83: ='26 june'!U83 -> 0 | G83: ='26 june'!V83 -> 0 | H83: =E83+F83+G83 -> -3 | I83: 0 | J83: 0 | K83: 0 | L83: 0 | M83: 0 | N83: 0 | O83: 0 | P83: 0 | Q83: 0 | R83: 0 | S83: =H83+O83+P83+Q83+R83-(I83+J83+K83+L83+M83+N83) -> -3 | T83: =E83+O83-I83-L83 -> -3 | U83: =F83+P83-J83-M83 -> 0 | V83: =G83+Q83-K83-N83 -> 0 | W83: =IF(MIN(T83,U83,V83)<0,"NEGATIVE STOCK - CHECK ENTRIES","") -> NEGATIVE STOCK - CHECK ENTRIES | X83: 0 | Y83: 0 | Z83: =X83-Y83 -> 0 | AA83: 0 | AB83: 0 | AC83: =AA83-AB83 -> 0 | AD83: 0 | AE83: 0 | AF83: =AD83-AE83 -> 0 | AG83: 0 | AH83: 0 | AI83: =AG83-AH83 -> 0
A84: Ilanga | B84: 100 | C84: SEED | D84: CUSTOM&TRIAL | E84: 0 | F84: 0 | G84: 0 | H84: =E84+F84+G84 -> 0 | I84: 0 | J84: 0 | K84: 0 | L84: 0 | M84: 0 | N84: 0 | O84: 0 | P84: 0 | Q84: 0 | R84: 0 | S84: =H84+O84+P84+Q84+R84-(I84+J84+K84+L84+M84+N84) -> 0 | T84: =E84+O84-I84-L84 -> 0 | U84: =F84+P84-J84-M84 -> 0 | V84: =G84+Q84-K84-N84 -> 0 | W84: =IF(MIN(T84,U84,V84)<0,"NEGATIVE STOCK - CHECK ENTRIES","") | X84: 0 | Y84: 0 | Z84: =X84-Y84 -> 0 | AA84: 0 | AB84: 0 | AC84: =AA84-AB84 -> 0 | AD84: 0 | AE84: 0 | AF84: =AD84-AE84 -> 0 | AG84: 0 | AH84: 0 | AI84: =AG84-AH84 -> 0
A85: Jarrah | B85: 100 | C85: SEED | D85: CUSTOM&TRIAL | E85: 0 | F85: 0 | G85: 0 | H85: =E85+F85+G85 -> 0 | I85: 0 | J85: 0 | K85: 0 | L85: 0 | M85: 0 | N85: 0 | O85: 0 | P85: 0 | Q85: 0 | R85: 0 | S85: =H85+O85+P85+Q85+R85-(I85+J85+K85+L85+M85+N85) -> 0 | T85: =E85+O85-I85-L85 -> 0 | U85: =F85+P85-J85-M85 -> 0 | V85: =G85+Q85-K85-N85 -> 0 | W85: =IF(MIN(T85,U85,V85)<0,"NEGATIVE STOCK - CHECK ENTRIES","") | X85: 0 | Y85: 0 | Z85: =X85-Y85 -> 0 | AA85: 0 | AB85: 0 | AC85: =AA85-AB85 -> 0 | AD85: 0 | AE85: 0 | AF85: =AD85-AE85 -> 0 | AG85: 0 | AH85: 0 | AI85: =AG85-AH85 -> 0
A86: Jarrah | B86: 1000 | C86: SEED | D86: CUSTOM&TRIAL | E86: 0 | F86: 0 | G86: 0 | H86: =E86+F86+G86 -> 0 | I86: 0 | J86: 0 | K86: 0 | L86: 0 | M86: 0 | N86: 0 | O86: 0 | P86: 0 | Q86: 0 | R86: 0 | S86: =H86+O86+P86+Q86+R86-(I86+J86+K86+L86+M86+N86) -> 0 | T86: =E86+O86-I86-L86 -> 0 | U86: =F86+P86-J86-M86 -> 0 | V86: =G86+Q86-K86-N86 -> 0 | W86: =IF(MIN(T86,U86,V86)<0,"NEGATIVE STOCK - CHECK ENTRIES","") | X86: 0 | Y86: 0 | Z86: =X86-Y86 -> 0 | AA86: 0 | AB86: 0 | AC86: =AA86-AB86 -> 0 | AD86: 0 | AE86: 0 | AF86: =AD86-AE86 -> 0 | AG86: 0 | AH86: 0 | AI86: =AG86-AH86 -> 0
A87: Jerada | B87: 100000 | C87: SEED | D87: MASIFIO CUSTOM | E87: 0 | F87: 0 | G87: 0 | H87: =E87+F87+G87 -> 0 | I87: 0 | J87: 0 | K87: 0 | L87: 0 | M87: 0 | N87: 0 | O87: 0 | P87: 0 | Q87: 0 | R87: 0 | S87: =H87+O87+P87+Q87+R87-(I87+J87+K87+L87+M87+N87) -> 0 | T87: =E87+O87-I87-L87 -> 0 | U87: =F87+P87-J87-M87 -> 0 | V87: =G87+Q87-K87-N87 -> 0 | W87: =IF(MIN(T87,U87,V87)<0,"NEGATIVE STOCK - CHECK ENTRIES","") | X87: 0 | Y87: 0 | Z87: =X87-Y87 -> 0 | AA87: 0 | AB87: 0 | AC87: =AA87-AB87 -> 0 | AD87: 0 | AE87: 0 | AF87: =AD87-AE87 -> 0 | AG87: 0 | AH87: 0 | AI87: =AG87-AH87 -> 0
A88: Kariba | B88: 1000 | C88: SEED | D88: MASIFIO CUSTOM | E88: 0 | F88: 0 | G88: 0 | H88: =E88+F88+G88 -> 0 | I88: 0 | J88: 0 | K88: 0 | L88: 0 | M88: 0 | N88: 0 | O88: 0 | P88: 0 | Q88: 0 | R88: 0 | S88: =H88+O88+P88+Q88+R88-(I88+J88+K88+L88+M88+N88) -> 0 | T88: =E88+O88-I88-L88 -> 0 | U88: =F88+P88-J88-M88 -> 0 | V88: =G88+Q88-K88-N88 -> 0 | W88: =IF(MIN(T88,U88,V88)<0,"NEGATIVE STOCK - CHECK ENTRIES","") | X88: 0 | Y88: 0 | Z88: =X88-Y88 -> 0 | AA88: 0 | AB88: 0 | AC88: =AA88-AB88 -> 0 | AD88: 0 | AE88: 0 | AF88: =AD88-AE88 -> 0 | AG88: 0 | AH88: 0 | AI88: =AG88-AH88 -> 0
A89: Kazinga | B89: 100 | C89: SEED | D89: CUSTOM&TRIAL | E89: 0 | F89: 0 | G89: 0 | H89: =E89+F89+G89 -> 0 | I89: 0 | J89: 0 | K89: 0 | L89: 0 | M89: 0 | N89: 0 | O89: 0 | P89: 0 | Q89: 0 | R89: 0 | S89: =H89+O89+P89+Q89+R89-(I89+J89+K89+L89+M89+N89) -> 0 | T89: =E89+O89-I89-L89 -> 0 | U89: =F89+P89-J89-M89 -> 0 | V89: =G89+Q89-K89-N89 -> 0 | W89: =IF(MIN(T89,U89,V89)<0,"NEGATIVE STOCK - CHECK ENTRIES","") | X89: 0 | Y89: 0 | Z89: =X89-Y89 -> 0 | AA89: 0 | AB89: 0 | AC89: =AA89-AB89 -> 0 | AD89: 0 | AE89: 0 | AF89: =AD89-AE89 -> 0 | AG89: 0 | AH89: 0 | AI89: =AG89-AH89 -> 0
A90: kivu | B90: 100 | C90: SEED | D90: MASIFIO CUSTOM | E90: 0 | F90: 0 | G90: 0 | H90: =E90+F90+G90 -> 0 | I90: 0 | J90: 0 | K90: 0 | L90: 0 | M90: 0 | N90: 0 | O90: 0 | P90: 0 | Q90: 0 | R90: 0 | S90: =H90+O90+P90+Q90+R90-(I90+J90+K90+L90+M90+N90) -> 0 | T90: =E90+O90-I90-L90 -> 0 | U90: =F90+P90-J90-M90 -> 0 | V90: =G90+Q90-K90-N90 -> 0 | W90: =IF(MIN(T90,U90,V90)<0,"NEGATIVE STOCK - CHECK ENTRIES","") | X90: 0 | Y90: 0 | Z90: =X90-Y90 -> 0 | AA90: 0 | AB90: 0 | AC90: =AA90-AB90 -> 0 | AD90: 0 | AE90: 0 | AF90: =AD90-AE90 -> 0 | AG90: 0 | AH90: 0 | AI90: =AG90-AH90 -> 0
A91: Klee | B91: 1000 | C91: SEED | D91: MASIFIO CUSTOM | E91: 0 | F91: 0 | G91: 0 | H91: =E91+F91+G91 -> 0 | I91: 0 | J91: 0 | K91: 0 | L91: 0 | M91: 0 | N91: 0 | O91: 0 | P91: 0 | Q91: 0 | R91: 0 | S91: =H91+O91+P91+Q91+R91-(I91+J91+K91+L91+M91+N91) -> 0 | T91: =E91+O91-I91-L91 -> 0 | U91: =F91+P91-J91-M91 -> 0 | V91: =G91+Q91-K91-N91 -> 0 | W91: =IF(MIN(T91,U91,V91)<0,"NEGATIVE STOCK - CHECK ENTRIES","") | X91: 0 | Y91: 0 | Z91: =X91-Y91 -> 0 | AA91: 0 | AB91: 0 | AC91: =AA91-AB91 -> 0 | AD91: 0 | AE91: 0 | AF91: =AD91-AE91 -> 0 | AG91: 0 | AH91: 0 | AI91: =AG91-AH91 -> 0
A92: Kohl Rabi Eder RZ F2 | B92: 1000 | C92: SEED | D92: COMMERCIAL | E92: ='26 june'!T92 -> 4 | F92: ='26 june'!U92 -> 0 | G92: ='26 june'!V92 -> 0 | H92: =E92+F92+G92 -> 4 | I92: 0 | J92: 0 | K92: 0 | L92: 0 | M92: 0 | N92: 0 | O92: 0 | P92: 0 | Q92: 0 | R92: 0 | S92: =H92+O92+P92+Q92+R92-(I92+J92+K92+L92+M92+N92) -> 4 | T92: =E92+O92-I92-L92 -> 4 | U92: =F92+P92-J92-M92 -> 0 | V92: =G92+Q92-K92-N92 -> 0 | W92: =IF(MIN(T92,U92,V92)<0,"NEGATIVE STOCK - CHECK ENTRIES","") | X92: 0 | Y92: 0 | Z92: =X92-Y92 -> 0 | AA92: 0 | AB92: 0 | AC92: =AA92-AB92 -> 0 | AD92: 0 | AE92: 0 | AF92: =AD92-AE92 -> 0 | AG92: 0 | AH92: 0 | AI92: =AG92-AH92 -> 0
A93: Kohl Rabi Ukza RZ F1 | B93: 100 | C93: SEED | D93: COMMERCIAL | E93: ='26 june'!T93 -> 1 | F93: ='26 june'!U93 -> 0 | G93: ='26 june'!V93 -> 0 | H93: =E93+F93+G93 -> 1 | I93: 0 | J93: 0 | K93: 0 | L93: 0 | M93: 0 | N93: 0 | O93: 0 | P93: 0 | Q93: 0 | R93: 0 | S93: =H93+O93+P93+Q93+R93-(I93+J93+K93+L93+M93+N93) -> 1 | T93: =E93+O93-I93-L93 -> 1 | U93: =F93+P93-J93-M93 -> 0 | V93: =G93+Q93-K93-N93 -> 0 | W93: =IF(MIN(T93,U93,V93)<0,"NEGATIVE STOCK - CHECK ENTRIES","") | X93: 0 | Y93: 0 | Z93: =X93-Y93 -> 0 | AA93: 0 | AB93: 0 | AC93: =AA93-AB93 -> 0 | AD93: 0 | AE93: 0 | AF93: =AD93-AE93 -> 0 | AG93: 0 | AH93: 0 | AI93: =AG93-AH93 -> 0
A94: kristine | B94: 1000 | C94: SEED | D94: CUSTOM&TRIAL | E94: 0 | F94: 0 | G94: 0 | H94: =E94+F94+G94 -> 0 | I94: 0 | J94: 0 | K94: 0 | L94: 0 | M94: 0 | N94: 0 | O94: 0 | P94: 0 | Q94: 0 | R94: 0 | S94: =H94+O94+P94+Q94+R94-(I94+J94+K94+L94+M94+N94) -> 0 | T94: =E94+O94-I94-L94 -> 0 | U94: =F94+P94-J94-M94 -> 0 | V94: =G94+Q94-K94-N94 -> 0 | W94: =IF(MIN(T94,U94,V94)<0,"NEGATIVE STOCK - CHECK ENTRIES","") | X94: 0 | Y94: 0 | Z94: =X94-Y94 -> 0 | AA94: 0 | AB94: 0 | AC94: =AA94-AB94 -> 0 | AD94: 0 | AE94: 0 | AF94: =AD94-AE94 -> 0 | AG94: 0 | AH94: 0 | AI94: =AG94-AH94 -> 0
A95: lalique | B95: 1000 | C95: SEED | D95: MASIFIO CUSTOM | E95: 0 | F95: 0 | G95: 0 | H95: =E95+F95+G95 -> 0 | I95: 0 | J95: 0 | K95: 0 | L95: 0 | M95: 0 | N95: 0 | O95: 0 | P95: 0 | Q95: 0 | R95: 0 | S95: =H95+O95+P95+Q95+R95-(I95+J95+K95+L95+M95+N95) -> 0 | T95: =E95+O95-I95-L95 -> 0 | U95: =F95+P95-J95-M95 -> 0 | V95: =G95+Q95-K95-N95 -> 0 | W95: =IF(MIN(T95,U95,V95)<0,"NEGATIVE STOCK - CHECK ENTRIES","") | X95: 0 | Y95: 0 | Z95: =X95-Y95 -> 0 | AA95: 0 | AB95: 0 | AC95: =AA95-AB95 -> 0 | AD95: 0 | AE95: 0 | AF95: =AD95-AE95 -> 0 | AG95: 0 | AH95: 0 | AI95: =AG95-AH95 -> 0
A96: Larsson | B96: 1000 | C96: SEED | D96: MASIFIO CUSTOM | E96: 0 | F96: 0 | G96: 0 | H96: =E96+F96+G96 -> 0 | I96: 0 | J96: 0 | K96: 0 | L96: 0 | M96: 0 | N96: 0 | O96: 0 | P96: 0 | Q96: 0 | R96: 0 | S96: =H96+O96+P96+Q96+R96-(I96+J96+K96+L96+M96+N96) -> 0 | T96: =E96+O96-I96-L96 -> 0 | U96: =F96+P96-J96-M96 -> 0 | V96: =G96+Q96-K96-N96 -> 0 | W96: =IF(MIN(T96,U96,V96)<0,"NEGATIVE STOCK - CHECK ENTRIES","") | X96: 0 | Y96: 0 | Z96: =X96-Y96 -> 0 | AA96: 0 | AB96: 0 | AC96: =AA96-AB96 -> 0 | AD96: 0 | AE96: 0 | AF96: =AD96-AE96 -> 0 | AG96: 0 | AH96: 0 | AI96: =AG96-AH96 -> 0
A97: Lavender | B97: 1000 | C97: SEED | D97: MASIFIO CUSTOM | E97: 0 | F97: 0 | G97: 0 | H97: =E97+F97+G97 -> 0 | I97: 0 | J97: 0 | K97: 0 | L97: 0 | M97: 0 | N97: 0 | O97: 0 | P97: 0 | Q97: 0 | R97: 0 | S97: =H97+O97+P97+Q97+R97-(I97+J97+K97+L97+M97+N97) -> 0 | T97: =E97+O97-I97-L97 -> 0 | U97: =F97+P97-J97-M97 -> 0 | V97: =G97+Q97-K97-N97 -> 0 | W97: =IF(MIN(T97,U97,V97)<0,"NEGATIVE STOCK - CHECK ENTRIES","") | X97: 0 | Y97: 0 | Z97: =X97-Y97 -> 0 | AA97: 0 | AB97: 0 | AC97: =AA97-AB97 -> 0 | AD97: 0 | AE97: 0 | AF97: =AD97-AE97 -> 0 | AG97: 0 | AH97: 0 | AI97: =AG97-AH97 -> 0
A98: Leaf lettuce CONCORDE RZ | B98: 1000 | C98: SEED | D98: COMMERCIAL | E98: ='26 june'!T98 -> 0 | F98: ='26 june'!U98 -> 1 | G98: ='26 june'!V98 -> 48 | H98: =E98+F98+G98 -> 49 | I98: 0 | J98: 0 | K98: 9 | L98: 0 | M98: 0 | N98: 0 | O98: 0 | P98: 0 | Q98: 0 | R98: 0 | S98: =H98+O98+P98+Q98+R98-(I98+J98+K98+L98+M98+N98) -> 40 | T98: =E98+O98-I98-L98 -> 0 | U98: =F98+P98-J98-M98 -> 1 | V98: =G98+Q98-K98-N98 -> 39 | W98: =IF(MIN(T98,U98,V98)<0,"NEGATIVE STOCK - CHECK ENTRIES","") | X98: 0 | Y98: 0 | Z98: =X98-Y98 -> 0 | AA98: 0 | AB98: 0 | AC98: =AA98-AB98 -> 0 | AD98: 0 | AE98: 0 | AF98: =AD98-AE98 -> 0 | AG98: 0 | AH98: 0 | AI98: =AG98-AH98 -> 0
A99: leirre | B99: 100 | C99: SEED | D99: CUSTOM&TRIAL | E99: 0 | F99: 0 | G99: 0 | H99: =E99+F99+G99 -> 0 | I99: 0 | J99: 0 | K99: 0 | L99: 0 | M99: 0 | N99: 0 | O99: 0 | P99: 0 | Q99: 0 | R99: 0 | S99: =H99+O99+P99+Q99+R99-(I99+J99+K99+L99+M99+N99) -> 0 | T99: =E99+O99-I99-L99 -> 0 | U99: =F99+P99-J99-M99 -> 0 | V99: =G99+Q99-K99-N99 -> 0 | W99: =IF(MIN(T99,U99,V99)<0,"NEGATIVE STOCK - CHECK ENTRIES","") | X99: 0 | Y99: 0 | Z99: =X99-Y99 -> 0 | AA99: 0 | AB99: 0 | AC99: =AA99-AB99 -> 0 | AD99: 0 | AE99: 0 | AF99: =AD99-AE99 -> 0 | AG99: 0 | AH99: 0 | AI99: =AG99-AH99 -> 0
A100: LENARA | B100: 250 | C100: SEED | D100: COMMERCIAL | E100: 0 | F100: 0 | G100: 0 | H100: =E100+F100+G100 -> 0 | I100: 0 | J100: 0 | K100: 0 | L100: 0 | M100: 0 | N100: 0 | O100: 0 | P100: 0 | Q100: 0 | R100: 0 | S100: =H100+O100+P100+Q100+R100-(I100+J100+K100+L100+M100+N100) -> 0 | T100: =E100+O100-I100-L100 -> 0 | U100: =F100+P100-J100-M100 -> 0 | V100: =G100+Q100-K100-N100 -> 0 | W100: =IF(MIN(T100,U100,V100)<0,"NEGATIVE STOCK - CHECK ENTRIES","") | X100: 0 | Y100: 0 | Z100: =X100-Y100 -> 0 | AA100: 0 | AB100: 0 | AC100: =AA100-AB100 -> 0 | AD100: 0 | AE100: 0 | AF100: =AD100-AE100 -> 0 | AG100: 0 | AH100: 0 | AI100: =AG100-AH100 -> 0
...

Sheet 10-JULY2026
A1: PRODUCT | E1: WAREHOUSE STOCK - OPENING | I1: WEEKLY MOVEMENT (manual entry) | S1: WAREHOUSE STOCK - CLOSING | W1: ALERT | X1: BRANCH DISTRIBUTION (Dar / Dodoma / Iringa / Manyara) | AJ1: NOTES
A2: Product | B2: Pack Size | C2: Category | D2: Type | E2: Opening Arusha | F2: Opening Moro | G2: Opening Dar | H2: Total Qty - Week Start | I2: Sales Arusha | J2: Sales Moro | K2: Sales Dar | L2: Stock Out Arusha | M2: Stock Out Moro | N2: Stock Out Dar | O2: Stock In Arusha | P2: Stock In Moro | Q2: Stock In Dar | R2: Stock In Dodoma | S2: Total Qty - Week End | T2: Closing Arusha | U2: Closing Moro | V2: Closing Dar | W2: Stock Alert | X2: Sent Dar | Y2: Sold Dar | Z2: Not Sold Dar | AA2: Sent Dodoma | AB2: Sold Dodoma | AC2: Not Sold Dodoma | AD2: Sent Iringa | AE2: Sold Iringa | AF2: Not Sold Iringa | AG2: Sent Manyara | AH2: Sold Manyara | AI2: Not Sold Manyara | AJ2: Remarks
A3: 30-WC773 | B3: 1000 | C3: SEED | D3: COMMERCIAL | E3: 0 | F3: 0 | G3: 0 | H3: =E3+F3+G3 -> 0 | I3: 0 | J3: 0 | K3: 0 | L3: 0 | M3: 0 | N3: 0 | O3: 0 | P3: 0 | Q3: 0 | R3: 0 | S3: =H3+O3+P3+Q3+R3-(I3+J3+K3+L3+M3+N3) -> 0 | T3: =E3+O3-I3-L3 -> 0 | U3: =F3+P3-J3-M3 -> 0 | V3: =G3+Q3-K3-N3 -> 0 | W3: =IF(MIN(T3,U3,V3)<0,"NEGATIVE STOCK - CHECK ENTRIES","") | X3: 0 | Y3: 0 | Z3: =X3-Y3 -> 0 | AA3: 0 | AB3: 0 | AC3: =AA3-AB3 -> 0 | AD3: 0 | AE3: 0 | AF3: =AD3-AE3 -> 0 | AG3: 0 | AH3: 0 | AI3: =AG3-AH3 -> 0
A4: Afadja | B4: 500 | C4: SEED | D4: CUSTOM&TRIAL | E4: 2 | F4: 0 | G4: 0 | H4: =E4+F4+G4 -> 2 | I4: 0 | J4: 0 | K4: 0 | L4: 0 | M4: 0 | N4: 0 | O4: 0 | P4: 0 | Q4: 0 | R4: 0 | S4: =H4+O4+P4+Q4+R4-(I4+J4+K4+L4+M4+N4) -> 2 | T4: =E4+O4-I4-L4 -> 2 | U4: =F4+P4-J4-M4 -> 0 | V4: =G4+Q4-K4-N4 -> 0 | W4: =IF(MIN(T4,U4,V4)<0,"NEGATIVE STOCK - CHECK ENTRIES","") | X4: 0 | Y4: 0 | Z4: =X4-Y4 -> 0 | AA4: 0 | AB4: 0 | AC4: =AA4-AB4 -> 0 | AD4: 0 | AE4: 0 | AF4: =AD4-AE4 -> 0 | AG4: 0 | AH4: 0 | AI4: =AG4-AH4 -> 0
A5: African eggplant BENUE F1 | B5: 100 | C5: SEED | D5: COMMERCIAL | E5: ='3-july2026'!T5 -> 236 | F5: ='3-july2026'!U5 -> 69 | G5: ='3-july2026'!V5 -> 186 | H5: =E5+F5+G5 -> 491 | I5: 0 | J5: 0 | K5: 0 | L5: 0 | M5: 0 | N5: 0 | O5: 0 | P5: 0 | Q5: 0 | R5: 0 | S5: =H5+O5+P5+Q5+R5-(I5+J5+K5+L5+M5+N5) -> 491 | T5: =E5+O5-I5-L5 -> 236 | U5: =F5+P5-J5-M5 -> 69 | V5: =G5+Q5-K5-N5 -> 186 | W5: =IF(MIN(T5,U5,V5)<0,"NEGATIVE STOCK - CHECK ENTRIES","") | X5: 0 | Y5: 0 | Z5: =X5-Y5 -> 0 | AA5: 0 | AB5: 0 | AC5: =AA5-AB5 -> 0 | AD5: 0 | AE5: 0 | AF5: =AD5-AE5 -> 0 | AG5: 0 | AH5: 0 | AI5: =AG5-AH5 -> 0
A6: African eggplant KAZINGA RZ F1 | B6: 100 | C6: SEED | D6: COMMERCIAL | E6: ='3-july2026'!T6 -> 233 | F6: ='3-july2026'!U6 -> 38 | G6: ='3-july2026'!V6 -> 49 | H6: =E6+F6+G6 -> 320 | I6: 0 | J6: 0 | K6: 0 | L6: 0 | M6: 0 | N6: 0 | O6: 0 | P6: 0 | Q6: 0 | R6: 0 | S6: =H6+O6+P6+Q6+R6-(I6+J6+K6+L6+M6+N6) -> 320 | T6: =E6+O6-I6-L6 -> 233 | U6: =F6+P6-J6-M6 -> 38 | V6: =G6+Q6-K6-N6 -> 49 | W6: =IF(MIN(T6,U6,V6)<0,"NEGATIVE STOCK - CHECK ENTRIES","") | X6: 0 | Y6: 0 | Z6: =X6-Y6 -> 0 | AA6: 0 | AB6: 0 | AC6: =AA6-AB6 -> 0 | AD6: 0 | AE6: 0 | AF6: =AD6-AE6 -> 0 | AG6: 0 | AH6: 0 | AI6: =AG6-AH6 -> 0
A7: African eggplant KERIO RZ F1 | B7: 100 | C7: SEED | D7: COMMERCIAL | E7: ='3-july2026'!T7 -> 0 | F7: ='3-july2026'!U7 -> 20 | G7: ='3-july2026'!V7 -> 0 | H7: =E7+F7+G7 -> 20 | I7: 0 | J7: 0 | K7: 0 | L7: 0 | M7: 0 | N7: 0 | O7: 0 | P7: 0 | Q7: 0 | R7: 0 | S7: =H7+O7+P7+Q7+R7-(I7+J7+K7+L7+M7+N7) -> 20 | T7: =E7+O7-I7-L7 -> 0 | U7: =F7+P7-J7-M7 -> 20 | V7: =G7+Q7-K7-N7 -> 0 | W7: =IF(MIN(T7,U7,V7)<0,"NEGATIVE STOCK - CHECK ENTRIES","") | X7: 0 | Y7: 0 | Z7: =X7-Y7 -> 0 | AA7: 0 | AB7: 0 | AC7: =AA7-AB7 -> 0 | AD7: 0 | AE7: 0 | AF7: =AD7-AE7 -> 0 | AG7: 0 | AH7: 0 | AI7: =AG7-AH7 -> 0
A8: African eggplant LIMPOPO RZ F3 | B8: 100 | C8: SEED | D8: COMMERCIAL | E8: ='3-july2026'!T8 -> 0 | F8: ='3-july2026'!U8 -> 17 | G8: ='3-july2026'!V8 -> 19 | H8: =E8+F8+G8 -> 36 | I8: 0 | J8: 0 | K8: 0 | L8: 0 | M8: 0 | N8: 0 | O8: 5 | P8: 0 | Q8: 0 | R8: 0 | S8: =H8+O8+P8+Q8+R8-(I8+J8+K8+L8+M8+N8) -> 41 | T8: =E8+O8-I8-L8 -> 5 | U8: =F8+P8-J8-M8 -> 17 | V8: =G8+Q8-K8-N8 -> 19 | W8: =IF(MIN(T8,U8,V8)<0,"NEGATIVE STOCK - CHECK ENTRIES","") | X8: 0 | Y8: 0 | Z8: =X8-Y8 -> 0 | AA8: 0 | AB8: 0 | AC8: =AA8-AB8 -> 0 | AD8: 0 | AE8: 0 | AF8: =AD8-AE8 -> 0 | AG8: 0 | AH8: 0 | AI8: =AG8-AH8 -> 0
A9: African hot pepper AFADJA RZ F7 | B9: 100 | C9: SEED | D9: COMMERCIAL | E9: ='3-july2026'!T9 -> 0 | F9: ='3-july2026'!U9 -> 0 | G9: ='3-july2026'!V9 -> 1 | H9: =E9+F9+G9 -> 1 | I9: 0 | J9: 0 | K9: 0 | L9: 0 | M9: 0 | N9: 0 | O9: 0 | P9: 0 | Q9: 0 | R9: 0 | S9: =H9+O9+P9+Q9+R9-(I9+J9+K9+L9+M9+N9) -> 1 | T9: =E9+O9-I9-L9 -> 0 | U9: =F9+P9-J9-M9 -> 0 | V9: =G9+Q9-K9-N9 -> 1 | W9: =IF(MIN(T9,U9,V9)<0,"NEGATIVE STOCK - CHECK ENTRIES","") | X9: 0 | Y9: 0 | Z9: =X9-Y9 -> 0 | AA9: 0 | AB9: 0 | AC9: =AA9-AB9 -> 0 | AD9: 0 | AE9: 0 | AF9: =AD9-AE9 -> 0 | AG9: 0 | AH9: 0 | AI9: =AG9-AH9 -> 0
A10: African hot pepper AFADJA RZ F7 | B10: 500 | C10: SEED | D10: COMMERCIAL | E10: ='3-july2026'!T10 -> -2 | F10: ='3-july2026'!U10 -> 0 | G10: ='3-july2026'!V10 -> 0 | H10: =E10+F10+G10 -> -2 | I10: 0 | J10: 0 | K10: 0 | L10: 0 | M10: 0 | N10: 0 | O10: 0 | P10: 0 | Q10: 0 | R10: 0 | S10: =H10+O10+P10+Q10+R10-(I10+J10+K10+L10+M10+N10) -> -2 | T10: =E10+O10-I10-L10 -> -2 | U10: =F10+P10-J10-M10 -> 0 | V10: =G10+Q10-K10-N10 -> 0 | W10: =IF(MIN(T10,U10,V10)<0,"NEGATIVE STOCK - CHECK ENTRIES","") -> NEGATIVE STOCK - CHECK ENTRIES | X10: 0 | Y10: 0 | Z10: =X10-Y10 -> 0 | AA10: 0 | AB10: 0 | AC10: =AA10-AB10 -> 0 | AD10: 0 | AE10: 0 | AF10: =AD10-AE10 -> 0 | AG10: 0 | AH10: 0 | AI10: =AG10-AH10 -> 0
A11: African hot pepper LENGAI RZ F2 | B11: 100 | C11: SEED | D11: COMMERCIAL | E11: ='3-july2026'!T11 -> 322 | F11: ='3-july2026'!U11 -> 195 | G11: ='3-july2026'!V11 -> 16 | H11: =E11+F11+G11 -> 533 | I11: 0 | J11: 0 | K11: 0 | L11: 0 | M11: 0 | N11: 0 | O11: 8 | P11: 0 | Q11: 0 | R11: 0 | S11: =H11+O11+P11+Q11+R11-(I11+J11+K11+L11+M11+N11) -> 541 | T11: =E11+O11-I11-L11 -> 330 | U11: =F11+P11-J11-M11 -> 195 | V11: =G11+Q11-K11-N11 -> 16 | W11: =IF(MIN(T11,U11,V11)<0,"NEGATIVE STOCK - CHECK ENTRIES","") | X11: 0 | Y11: 0 | Z11: =X11-Y11 -> 0 | AA11: 0 | AB11: 0 | AC11: =AA11-AB11 -> 0 | AD11: 0 | AE11: 0 | AF11: =AD11-AE11 -> 0 | AG11: 0 | AH11: 0 | AI11: =AG11-AH11 -> 0
A12: African hot pepper LENGAI RZ F3 | B12: 500 | C12: SEED | D12: COMMERCIAL | E12: ='3-july2026'!T12 -> 8 | F12: ='3-july2026'!U12 -> 0 | G12: ='3-july2026'!V12 -> 0 | H12: =E12+F12+G12 -> 8 | I12: 0 | J12: 0 | K12: 0 | L12: 0 | M12: 0 | N12: 0 | O12: 0 | P12: 0 | Q12: 0 | R12: 0 | S12: =H12+O12+P12+Q12+R12-(I12+J12+K12+L12+M12+N12) -> 8 | T12: =E12+O12-I12-L12 -> 8 | U12: =F12+P12-J12-M12 -> 0 | V12: =G12+Q12-K12-N12 -> 0 | W12: =IF(MIN(T12,U12,V12)<0,"NEGATIVE STOCK - CHECK ENTRIES","") | X12: 0 | Y12: 0 | Z12: =X12-Y12 -> 0 | AA12: 0 | AB12: 0 | AC12: =AA12-AB12 -> 0 | AD12: 0 | AE12: 0 | AF12: =AD12-AE12 -> 0 | AG12: 0 | AH12: 0 | AI12: =AG12-AH12 -> 0
A13: African Hot Pepper Loleza RZ | B13: 100 | C13: SEED | D13: COMMERCIAL | E13: ='3-july2026'!T13 -> 1252 | F13: ='3-july2026'!U13 -> 297 | G13: ='3-july2026'!V13 -> 119 | H13: =E13+F13+G13 -> 1668 | I13: 16 | J13: 0 | K13: 160 | L13: 210 | M13: 155 | N13: 0 | O13: 0 | P13: 0 | Q13: 210 | R13: 0 | S13: =H13+O13+P13+Q13+R13-(I13+J13+K13+L13+M13+N13) -> 1337 | T13: =E13+O13-I13-L13 -> 1026 | U13: =F13+P13-J13-M13 -> 142 | V13: =G13+Q13-K13-N13 -> 169 | W13: =IF(MIN(T13,U13,V13)<0,"NEGATIVE STOCK - CHECK ENTRIES","") | X13: 0 | Y13: 0 | Z13: =X13-Y13 -> 0 | AA13: 0 | AB13: 0 | AC13: =AA13-AB13 -> 0 | AD13: 0 | AE13: 0 | AF13: =AD13-AE13 -> 0 | AG13: 0 | AH13: 0 | AI13: =AG13-AH13 -> 0
A14: African Hot Pepper Loleza RZ | B14: 500 | C14: SEED | D14: COMMERCIAL | E14: ='3-july2026'!T14 -> 101 | F14: ='3-july2026'!U14 -> 60 | G14: ='3-july2026'!V14 -> 15 | H14: =E14+F14+G14 -> 176 | I14: 0 | J14: 0 | K14: 0 | L14: 94 | M14: 60 | N14: 0 | O14: 0 | P14: 0 | Q14: 30 | R14: 0 | S14: =H14+O14+P14+Q14+R14-(I14+J14+K14+L14+M14+N14) -> 52 | T14: =E14+O14-I14-L14 -> 7 | U14: =F14+P14-J14-M14 -> 0 | V14: =G14+Q14-K14-N14 -> 45 | W14: =IF(MIN(T14,U14,V14)<0,"NEGATIVE STOCK - CHECK ENTRIES","") | X14: 0 | Y14: 0 | Z14: =X14-Y14 -> 0 | AA14: 0 | AB14: 0 | AC14: =AA14-AB14 -> 0 | AD14: 0 | AE14: 0 | AF14: =AD14-AE14 -> 0 | AG14: 0 | AH14: 0 | AI14: =AG14-AH14 -> 0
A15: African Hot Pepper Mawenzili | B15: 100 | C15: SEED | D15: COMMERCIAL | E15: ='3-july2026'!T15 -> 302 | F15: ='3-july2026'!U15 -> 41 | G15: ='3-july2026'!V15 -> 11 | H15: =E15+F15+G15 -> 354 | I15: 100 | J15: 0 | K15: 0 | L15: 0 | M15: 0 | N15: 0 | O15: 0 | P15: 0 | Q15: 0 | R15: 0 | S15: =H15+O15+P15+Q15+R15-(I15+J15+K15+L15+M15+N15) -> 254 | T15: =E15+O15-I15-L15 -> 202 | U15: =F15+P15-J15-M15 -> 41 | V15: =G15+Q15-K15-N15 -> 11 | W15: =IF(MIN(T15,U15,V15)<0,"NEGATIVE STOCK - CHECK ENTRIES","") | X15: 0 | Y15: 0 | Z15: =X15-Y15 -> 0 | AA15: 0 | AB15: 0 | AC15: =AA15-AB15 -> 0 | AD15: 0 | AE15: 0 | AF15: =AD15-AE15 -> 0 | AG15: 0 | AH15: 0 | AI15: =AG15-AH15 -> 0
A16: African Hot Pepper Mawenzili | B16: 1000 | C16: SEED | D16: COMMERCIAL | E16: ='3-july2026'!T16 -> 1 | F16: ='3-july2026'!U16 -> 0 | G16: ='3-july2026'!V16 -> 0 | H16: =E16+F16+G16 -> 1 | I16: 0 | J16: 0 | K16: 0 | L16: 0 | M16: 0 | N16: 0 | O16: 0 | P16: 0 | Q16: 0 | R16: 0 | S16: =H16+O16+P16+Q16+R16-(I16+J16+K16+L16+M16+N16) -> 1 | T16: =E16+O16-I16-L16 -> 1 | U16: =F16+P16-J16-M16 -> 0 | V16: =G16+Q16-K16-N16 -> 0 | W16: =IF(MIN(T16,U16,V16)<0,"NEGATIVE STOCK - CHECK ENTRIES","") | X16: 0 | Y16: 0 | Z16: =X16-Y16 -> 0 | AA16: 0 | AB16: 0 | AC16: =AA16-AB16 -> 0 | AD16: 0 | AE16: 0 | AF16: =AD16-AE16 -> 0 | AG16: 0 | AH16: 0 | AI16: =AG16-AH16 -> 0
A17: alaine | B17: 1000 | C17: SEED | D17: MASIFIO CUSTOM | E17: 3 | F17: 0 | G17: 0 | H17: =E17+F17+G17 -> 3 | I17: 0 | J17: 0 | K17: 0 | L17: 0 | M17: 0 | N17: 0 | O17: 0 | P17: 0 | Q17: 0 | R17: 0 | S17: =H17+O17+P17+Q17+R17-(I17+J17+K17+L17+M17+N17) -> 3 | T17: =E17+O17-I17-L17 -> 3 | U17: =F17+P17-J17-M17 -> 0 | V17: =G17+Q17-K17-N17 -> 0 | W17: =IF(MIN(T17,U17,V17)<0,"NEGATIVE STOCK - CHECK ENTRIES","") | X17: 0 | Y17: 0 | Z17: =X17-Y17 -> 0 | AA17: 0 | AB17: 0 | AC17: =AA17-AB17 -> 0 | AD17: 0 | AE17: 0 | AF17: =AD17-AE17 -> 0 | AG17: 0 | AH17: 0 | AI17: =AG17-AH17 -> 0
A18: Alboreto | B18: 100000 | C18: SEED | D18: MASIFIO CUSTOM | E18: 2 | F18: 0 | G18: 0 | H18: =E18+F18+G18 -> 2 | I18: 0 | J18: 0 | K18: 0 | L18: 0 | M18: 0 | N18: 0 | O18: 0 | P18: 0 | Q18: 0 | R18: 0 | S18: =H18+O18+P18+Q18+R18-(I18+J18+K18+L18+M18+N18) -> 2 | T18: =E18+O18-I18-L18 -> 2 | U18: =F18+P18-J18-M18 -> 0 | V18: =G18+Q18-K18-N18 -> 0 | W18: =IF(MIN(T18,U18,V18)<0,"NEGATIVE STOCK - CHECK ENTRIES","") | X18: 0 | Y18: 0 | Z18: =X18-Y18 -> 0 | AA18: 0 | AB18: 0 | AC18: =AA18-AB18 -> 0 | AD18: 0 | AE18: 0 | AF18: =AD18-AE18 -> 0 | AG18: 0 | AH18: 0 | AI18: =AG18-AH18 -> 0
A19: Allegreto | B19: 1000 | C19: SEED | D19: COMMERCIAL | E19: ='3-july2026'!T19 -> 8 | F19: ='3-july2026'!U19 -> 0 | G19: ='3-july2026'!V19 -> 0 | H19: =E19+F19+G19 -> 8 | I19: 0 | J19: 0 | K19: 0 | L19: 0 | M19: 0 | N19: 0 | O19: 0 | P19: 0 | Q19: 0 | R19: 0 | S19: =H19+O19+P19+Q19+R19-(I19+J19+K19+L19+M19+N19) -> 8 | T19: =E19+O19-I19-L19 -> 8 | U19: =F19+P19-J19-M19 -> 0 | V19: =G19+Q19-K19-N19 -> 0 | W19: =IF(MIN(T19,U19,V19)<0,"NEGATIVE STOCK - CHECK ENTRIES","") | X19: 0 | Y19: 0 | Z19: =X19-Y19 -> 0 | AA19: 0 | AB19: 0 | AC19: =AA19-AB19 -> 0 | AD19: 0 | AE19: 0 | AF19: =AD19-AE19 -> 0 | AG19: 0 | AH19: 0 | AI19: =AG19-AH19 -> 0
A20: Allegreto | B20: 1000 | C20: SEED | D20: CUSTOM&TRIAL | E20: 1 | F20: 0 | G20: 0 | H20: =E20+F20+G20 -> 1 | I20: 0 | J20: 0 | K20: 0 | L20: 0 | M20: 0 | N20: 0 | O20: 0 | P20: 0 | Q20: 0 | R20: 0 | S20: =H20+O20+P20+Q20+R20-(I20+J20+K20+L20+M20+N20) -> 1 | T20: =E20+O20-I20-L20 -> 1 | U20: =F20+P20-J20-M20 -> 0 | V20: =G20+Q20-K20-N20 -> 0 | W20: =IF(MIN(T20,U20,V20)<0,"NEGATIVE STOCK - CHECK ENTRIES","") | X20: 0 | Y20: 0 | Z20: =X20-Y20 -> 0 | AA20: 0 | AB20: 0 | AC20: =AA20-AB20 -> 0 | AD20: 0 | AE20: 0 | AF20: =AD20-AE20 -> 0 | AG20: 0 | AH20: 0 | AI20: =AG20-AH20 -> 0
A21: Alpes | B21: 100 | C21: SEED | D21: COMMERCIAL | E21: ='3-july2026'!T21 -> 4 | F21: ='3-july2026'!U21 -> 0 | G21: ='3-july2026'!V21 -> 0 | H21: =E21+F21+G21 -> 4 | I21: 0 | J21: 0 | K21: 0 | L21: 0 | M21: 0 | N21: 0 | O21: 0 | P21: 0 | Q21: 0 | R21: 0 | S21: =H21+O21+P21+Q21+R21-(I21+J21+K21+L21+M21+N21) -> 4 | T21: =E21+O21-I21-L21 -> 4 | U21: =F21+P21-J21-M21 -> 0 | V21: =G21+Q21-K21-N21 -> 0 | W21: =IF(MIN(T21,U21,V21)<0,"NEGATIVE STOCK - CHECK ENTRIES","") | X21: 0 | Y21: 0 | Z21: =X21-Y21 -> 0 | AA21: 0 | AB21: 0 | AC21: =AA21-AB21 -> 0 | AD21: 0 | AE21: 0 | AF21: =AD21-AE21 -> 0 | AG21: 0 | AH21: 0 | AI21: =AG21-AH21 -> 0
A22: Alpes | B22: 1000 | C22: SEED | D22: COMMERCIAL | E22: ='3-july2026'!T22 -> 8 | F22: ='3-july2026'!U22 -> 0 | G22: ='3-july2026'!V22 -> 0 | H22: =E22+F22+G22 -> 8 | I22: 0 | J22: 0 | K22: 0 | L22: 0 | M22: 0 | N22: 0 | O22: 0 | P22: 0 | Q22: 0 | R22: 0 | S22: =H22+O22+P22+Q22+R22-(I22+J22+K22+L22+M22+N22) -> 8 | T22: =E22+O22-I22-L22 -> 8 | U22: =F22+P22-J22-M22 -> 0 | V22: =G22+Q22-K22-N22 -> 0 | W22: =IF(MIN(T22,U22,V22)<0,"NEGATIVE STOCK - CHECK ENTRIES","") | X22: 0 | Y22: 0 | Z22: =X22-Y22 -> 0 | AA22: 0 | AB22: 0 | AC22: =AA22-AB22 -> 0 | AD22: 0 | AE22: 0 | AF22: =AD22-AE22 -> 0 | AG22: 0 | AH22: 0 | AI22: =AG22-AH22 -> 0
A23: amburana | B23: 100 | C23: SEED | D23: CUSTOM&TRIAL | E23: 20 | F23: 0 | G23: 0 | H23: =E23+F23+G23 -> 20 | I23: 0 | J23: 0 | K23: 0 | L23: 0 | M23: 0 | N23: 0 | O23: 0 | P23: 0 | Q23: 0 | R23: 0 | S23: =H23+O23+P23+Q23+R23-(I23+J23+K23+L23+M23+N23) -> 20 | T23: =E23+O23-I23-L23 -> 20 | U23: =F23+P23-J23-M23 -> 0 | V23: =G23+Q23-K23-N23 -> 0 | W23: =IF(MIN(T23,U23,V23)<0,"NEGATIVE STOCK - CHECK ENTRIES","") | X23: 0 | Y23: 0 | Z23: =X23-Y23 -> 0 | AA23: 0 | AB23: 0 | AC23: =AA23-AB23 -> 0 | AD23: 0 | AE23: 0 | AF23: =AD23-AE23 -> 0 | AG23: 0 | AH23: 0 | AI23: =AG23-AH23 -> 0
A24: amburana | B24: 500 | C24: SEED | D24: CUSTOM&TRIAL | E24: 2 | F24: 0 | G24: 0 | H24: =E24+F24+G24 -> 2 | I24: 0 | J24: 0 | K24: 0 | L24: 0 | M24: 0 | N24: 0 | O24: 0 | P24: 0 | Q24: 0 | R24: 0 | S24: =H24+O24+P24+Q24+R24-(I24+J24+K24+L24+M24+N24) -> 2 | T24: =E24+O24-I24-L24 -> 2 | U24: =F24+P24-J24-M24 -> 0 | V24: =G24+Q24-K24-N24 -> 0 | W24: =IF(MIN(T24,U24,V24)<0,"NEGATIVE STOCK - CHECK ENTRIES","") | X24: 0 | Y24: 0 | Z24: =X24-Y24 -> 0 | AA24: 0 | AB24: 0 | AC24: =AA24-AB24 -> 0 | AD24: 0 | AE24: 0 | AF24: =AD24-AE24 -> 0 | AG24: 0 | AH24: 0 | AI24: =AG24-AH24 -> 0
A25: Aubergine BRIGITTE RZ F2 | B25: 100 | C25: SEED | D25: COMMERCIAL | E25: ='3-july2026'!T25 -> 1 | F25: ='3-july2026'!U25 -> 151 | G25: ='3-july2026'!V25 -> 0 | H25: =E25+F25+G25 -> 152 | I25: 0 | J25: 0 | K25: 0 | L25: 0 | M25: 0 | N25: 0 | O25: 0 | P25: 0 | Q25: 0 | R25: 0 | S25: =H25+O25+P25+Q25+R25-(I25+J25+K25+L25+M25+N25) -> 152 | T25: =E25+O25-I25-L25 -> 1 | U25: =F25+P25-J25-M25 -> 151 | V25: =G25+Q25-K25-N25 -> 0 | W25: =IF(MIN(T25,U25,V25)<0,"NEGATIVE STOCK - CHECK ENTRIES","") | X25: 0 | Y25: 0 | Z25: =X25-Y25 -> 0 | AA25: 0 | AB25: 0 | AC25: =AA25-AB25 -> 0 | AD25: 0 | AE25: 0 | AF25: =AD25-AE25 -> 0 | AG25: 0 | AH25: 0 | AI25: =AG25-AH25 -> 0
A26: Aubergine FANTASTIC RZ F3 | B26: 100 | C26: SEED | D26: COMMERCIAL | E26: ='3-july2026'!T26 -> 89 | F26: ='3-july2026'!U26 -> 28 | G26: ='3-july2026'!V26 -> 4 | H26: =E26+F26+G26 -> 121 | I26: 0 | J26: 0 | K26: 0 | L26: 0 | M26: 0 | N26: 0 | O26: 0 | P26: 0 | Q26: 0 | R26: 0 | S26: =H26+O26+P26+Q26+R26-(I26+J26+K26+L26+M26+N26) -> 121 | T26: =E26+O26-I26-L26 -> 89 | U26: =F26+P26-J26-M26 -> 28 | V26: =G26+Q26-K26-N26 -> 4 | W26: =IF(MIN(T26,U26,V26)<0,"NEGATIVE STOCK - CHECK ENTRIES","") | X26: 0 | Y26: 0 | Z26: =X26-Y26 -> 0 | AA26: 0 | AB26: 0 | AC26: =AA26-AB26 -> 0 | AD26: 0 | AE26: 0 | AF26: =AD26-AE26 -> 0 | AG26: 0 | AH26: 0 | AI26: =AG26-AH26 -> 0
A27: barlach | B27: 1000 | C27: SEED | D27: MASIFIO CUSTOM | E27: 2 | F27: 0 | G27: 0 | H27: =E27+F27+G27 -> 2 | I27: 0 | J27: 0 | K27: 0 | L27: 0 | M27: 0 | N27: 0 | O27: 0 | P27: 0 | Q27: 0 | R27: 0 | S27: =H27+O27+P27+Q27+R27-(I27+J27+K27+L27+M27+N27) -> 2 | T27: =E27+O27-I27-L27 -> 2 | U27: =F27+P27-J27-M27 -> 0 | V27: =G27+Q27-K27-N27 -> 0 | W27: =IF(MIN(T27,U27,V27)<0,"NEGATIVE STOCK - CHECK ENTRIES","") | X27: 0 | Y27: 0 | Z27: =X27-Y27 -> 0 | AA27: 0 | AB27: 0 | AC27: =AA27-AB27 -> 0 | AD27: 0 | AE27: 0 | AF27: =AD27-AE27 -> 0 | AG27: 0 | AH27: 0 | AI27: =AG27-AH27 -> 0
A28: Barldralla | B28: 100 | C28: SEED | D28: MASIFIO CUSTOM | E28: 6 | F28: 0 | G28: 0 | H28: =E28+F28+G28 -> 6 | I28: 0 | J28: 0 | K28: 0 | L28: 0 | M28: 0 | N28: 0 | O28: 0 | P28: 0 | Q28: 0 | R28: 0 | S28: =H28+O28+P28+Q28+R28-(I28+J28+K28+L28+M28+N28) -> 6 | T28: =E28+O28-I28-L28 -> 6 | U28: =F28+P28-J28-M28 -> 0 | V28: =G28+Q28-K28-N28 -> 0 | W28: =IF(MIN(T28,U28,V28)<0,"NEGATIVE STOCK - CHECK ENTRIES","") | X28: 0 | Y28: 0 | Z28: =X28-Y28 -> 0 | AA28: 0 | AB28: 0 | AC28: =AA28-AB28 -> 0 | AD28: 0 | AE28: 0 | AF28: =AD28-AE28 -> 0 | AG28: 0 | AH28: 0 | AI28: =AG28-AH28 -> 0
A29: Baronesa | B29: 100 | C29: SEED | D29: COMMERCIAL | E29: ='3-july2026'!T29 -> 34 | F29: ='3-july2026'!U29 -> 0 | G29: ='3-july2026'!V29 -> 0 | H29: =E29+F29+G29 -> 34 | I29: 0 | J29: 0 | K29: 0 | L29: 0 | M29: 0 | N29: 0 | O29: 0 | P29: 0 | Q29: 0 | R29: 0 | S29: =H29+O29+P29+Q29+R29-(I29+J29+K29+L29+M29+N29) -> 34 | T29: =E29+O29-I29-L29 -> 34 | U29: =F29+P29-J29-M29 -> 0 | V29: =G29+Q29-K29-N29 -> 0 | W29: =IF(MIN(T29,U29,V29)<0,"NEGATIVE STOCK - CHECK ENTRIES","") | X29: 0 | Y29: 0 | Z29: =X29-Y29 -> 0 | AA29: 0 | AB29: 0 | AC29: =AA29-AB29 -> 0 | AD29: 0 | AE29: 0 | AF29: =AD29-AE29 -> 0 | AG29: 0 | AH29: 0 | AI29: =AG29-AH29 -> 0
A30: Batavia lettuce INVICTA RZ | B30: 1000 | C30: SEED | D30: COMMERCIAL | E30: ='3-july2026'!T30 -> 0 | F30: ='3-july2026'!U30 -> 7 | G30: ='3-july2026'!V30 -> 25 | H30: =E30+F30+G30 -> 32 | I30: 0 | J30: 0 | K30: 0 | L30: 0 | M30: 0 | N30: 0 | O30: 0 | P30: 0 | Q30: 0 | R30: 0 | S30: =H30+O30+P30+Q30+R30-(I30+J30+K30+L30+M30+N30) -> 32 | T30: =E30+O30-I30-L30 -> 0 | U30: =F30+P30-J30-M30 -> 7 | V30: =G30+Q30-K30-N30 -> 25 | W30: =IF(MIN(T30,U30,V30)<0,"NEGATIVE STOCK - CHECK ENTRIES","") | X30: 0 | Y30: 0 | Z30: =X30-Y30 -> 0 | AA30: 0 | AB30: 0 | AC30: =AA30-AB30 -> 0 | AD30: 0 | AE30: 0 | AF30: =AD30-AE30 -> 0 | AG30: 0 | AH30: 0 | AI30: =AG30-AH30 -> 0
A31: Batavia lettuce TOURBILLON RZ | B31: 1000 | C31: SEED | D31: COMMERCIAL | E31: ='3-july2026'!T31 -> 9 | F31: ='3-july2026'!U31 -> 5 | G31: ='3-july2026'!V31 -> 27 | H31: =E31+F31+G31 -> 41 | I31: 0 | J31: 0 | K31: 0 | L31: 0 | M31: 0 | N31: 0 | O31: 0 | P31: 0 | Q31: 0 | R31: 0 | S31: =H31+O31+P31+Q31+R31-(I31+J31+K31+L31+M31+N31) -> 41 | T31: =E31+O31-I31-L31 -> 9 | U31: =F31+P31-J31-M31 -> 5 | V31: =G31+Q31-K31-N31 -> 27 | W31: =IF(MIN(T31,U31,V31)<0,"NEGATIVE STOCK - CHECK ENTRIES","") | X31: 0 | Y31: 0 | Z31: =X31-Y31 -> 0 | AA31: 0 | AB31: 0 | AC31: =AA31-AB31 -> 0 | AD31: 0 | AE31: 0 | AF31: =AD31-AE31 -> 0 | AG31: 0 | AH31: 0 | AI31: =AG31-AH31 -> 0
A32: Beetroot LARKA RZ | B32: 25000 | C32: SEED | D32: COMMERCIAL | E32: ='3-july2026'!T32 -> 4 | F32: ='3-july2026'!U32 -> 0 | G32: ='3-july2026'!V32 -> 0 | H32: =E32+F32+G32 -> 4 | I32: 0 | J32: 0 | K32: 0 | L32: 0 | M32: 0 | N32: 0 | O32: 0 | P32: 0 | Q32: 0 | R32: 0 | S32: =H32+O32+P32+Q32+R32-(I32+J32+K32+L32+M32+N32) -> 4 | T32: =E32+O32-I32-L32 -> 4 | U32: =F32+P32-J32-M32 -> 0 | V32: =G32+Q32-K32-N32 -> 0 | W32: =IF(MIN(T32,U32,V32)<0,"NEGATIVE STOCK - CHECK ENTRIES","") | X32: 0 | Y32: 0 | Z32: =X32-Y32 -> 0 | AA32: 0 | AB32: 0 | AC32: =AA32-AB32 -> 0 | AD32: 0 | AE32: 0 | AF32: =AD32-AE32 -> 0 | AG32: 0 | AH32: 0 | AI32: =AG32-AH32 -> 0
A33: Beetroot Zeppo | B33: 25000 | C33: SEED | D33: COMMERCIAL | E33: ='3-july2026'!T33 -> 10 | F33: ='3-july2026'!U33 -> 0 | G33: ='3-july2026'!V33 -> 0 | H33: =E33+F33+G33 -> 10 | I33: 0 | J33: 0 | K33: 0 | L33: 0 | M33: 0 | N33: 0 | O33: 0 | P33: 0 | Q33: 0 | R33: 0 | S33: =H33+O33+P33+Q33+R33-(I33+J33+K33+L33+M33+N33) -> 10 | T33: =E33+O33-I33-L33 -> 10 | U33: =F33+P33-J33-M33 -> 0 | V33: =G33+Q33-K33-N33 -> 0 | W33: =IF(MIN(T33,U33,V33)<0,"NEGATIVE STOCK - CHECK ENTRIES","") | X33: 0 | Y33: 0 | Z33: =X33-Y33 -> 0 | AA33: 0 | AB33: 0 | AC33: =AA33-AB33 -> 0 | AD33: 0 | AE33: 0 | AF33: =AD33-AE33 -> 0 | AG33: 0 | AH33: 0 | AI33: =AG33-AH33 -> 0
A34: Bellaire | B34: 1000 | C34: SEED | D34: MASIFIO CUSTOM | E34: 2 | F34: 0 | G34: 0 | H34: =E34+F34+G34 -> 2 | I34: 0 | J34: 0 | K34: 0 | L34: 0 | M34: 0 | N34: 0 | O34: 0 | P34: 0 | Q34: 0 | R34: 0 | S34: =H34+O34+P34+Q34+R34-(I34+J34+K34+L34+M34+N34) -> 2 | T34: =E34+O34-I34-L34 -> 2 | U34: =F34+P34-J34-M34 -> 0 | V34: =G34+Q34-K34-N34 -> 0 | W34: =IF(MIN(T34,U34,V34)<0,"NEGATIVE STOCK - CHECK ENTRIES","") | X34: 0 | Y34: 0 | Z34: =X34-Y34 -> 0 | AA34: 0 | AB34: 0 | AC34: =AA34-AB34 -> 0 | AD34: 0 | AE34: 0 | AF34: =AD34-AE34 -> 0 | AG34: 0 | AH34: 0 | AI34: =AG34-AH34 -> 0
A35: benue | B35: 100 | C35: SEED | D35: CUSTOM&TRIAL | E35: 2 | F35: 0 | G35: 0 | H35: =E35+F35+G35 -> 2 | I35: 0 | J35: 0 | K35: 0 | L35: 0 | M35: 0 | N35: 0 | O35: 0 | P35: 0 | Q35: 0 | R35: 0 | S35: =H35+O35+P35+Q35+R35-(I35+J35+K35+L35+M35+N35) -> 2 | T35: =E35+O35-I35-L35 -> 2 | U35: =F35+P35-J35-M35 -> 0 | V35: =G35+Q35-K35-N35 -> 0 | W35: =IF(MIN(T35,U35,V35)<0,"NEGATIVE STOCK - CHECK ENTRIES","") | X35: 0 | Y35: 0 | Z35: =X35-Y35 -> 0 | AA35: 0 | AB35: 0 | AC35: =AA35-AB35 -> 0 | AD35: 0 | AE35: 0 | AF35: =AD35-AE35 -> 0 | AG35: 0 | AH35: 0 | AI35: =AG35-AH35 -> 0
A36: Blanched celery KYLIAN RZ | B36: 1000 | C36: SEED | D36: COMMERCIAL | E36: ='3-july2026'!T36 -> 0 | F36: ='3-july2026'!U36 -> 0 | G36: ='3-july2026'!V36 -> 0 | H36: =E36+F36+G36 -> 0 | I36: 0 | J36: 0 | K36: 0 | L36: 0 | M36: 0 | N36: 0 | O36: 0 | P36: 0 | Q36: 0 | R36: 0 | S36: =H36+O36+P36+Q36+R36-(I36+J36+K36+L36+M36+N36) -> 0 | T36: =E36+O36-I36-L36 -> 0 | U36: =F36+P36-J36-M36 -> 0 | V36: =G36+Q36-K36-N36 -> 0 | W36: =IF(MIN(T36,U36,V36)<0,"NEGATIVE STOCK - CHECK ENTRIES","") | X36: 0 | Y36: 0 | Z36: =X36-Y36 -> 0 | AA36: 0 | AB36: 0 | AC36: =AA36-AB36 -> 0 | AD36: 0 | AE36: 0 | AF36: =AD36-AE36 -> 0 | AG36: 0 | AH36: 0 | AI36: =AG36-AH36 -> 0
A37: Boelli | B37: 1000 | C37: SEED | D37: MASIFIO CUSTOM | E37: 5 | F37: 0 | G37: 0 | H37: =E37+F37+G37 -> 5 | I37: 0 | J37: 0 | K37: 0 | L37: 0 | M37: 0 | N37: 0 | O37: 0 | P37: 0 | Q37: 0 | R37: 0 | S37: =H37+O37+P37+Q37+R37-(I37+J37+K37+L37+M37+N37) -> 5 | T37: =E37+O37-I37-L37 -> 5 | U37: =F37+P37-J37-M37 -> 0 | V37: =G37+Q37-K37-N37 -> 0 | W37: =IF(MIN(T37,U37,V37)<0,"NEGATIVE STOCK - CHECK ENTRIES","") | X37: 0 | Y37: 0 | Z37: =X37-Y37 -> 0 | AA37: 0 | AB37: 0 | AC37: =AA37-AB37 -> 0 | AD37: 0 | AE37: 0 | AF37: =AD37-AE37 -> 0 | AG37: 0 | AH37: 0 | AI37: =AG37-AH37 -> 0
A38: Bologna | B38: 100 | C38: SEED | D38: CUSTOM&TRIAL | E38: 1 | F38: 0 | G38: 0 | H38: =E38+F38+G38 -> 1 | I38: 0 | J38: 0 | K38: 0 | L38: 0 | M38: 0 | N38: 0 | O38: 0 | P38: 0 | Q38: 0 | R38: 0 | S38: =H38+O38+P38+Q38+R38-(I38+J38+K38+L38+M38+N38) -> 1 | T38: =E38+O38-I38-L38 -> 1 | U38: =F38+P38-J38-M38 -> 0 | V38: =G38+Q38-K38-N38 -> 0 | W38: =IF(MIN(T38,U38,V38)<0,"NEGATIVE STOCK - CHECK ENTRIES","") | X38: 0 | Y38: 0 | Z38: =X38-Y38 -> 0 | AA38: 0 | AB38: 0 | AC38: =AA38-AB38 -> 0 | AD38: 0 | AE38: 0 | AF38: =AD38-AE38 -> 0 | AG38: 0 | AH38: 0 | AI38: =AG38-AH38 -> 0
A39: Bottas | B39: 100000 | C39: SEED | D39: MASIFIO CUSTOM | E39: 2 | F39: 0 | G39: 0 | H39: =E39+F39+G39 -> 2 | I39: 0 | J39: 0 | K39: 0 | L39: 0 | M39: 0 | N39: 0 | O39: 0 | P39: 0 | Q39: 0 | R39: 0 | S39: =H39+O39+P39+Q39+R39-(I39+J39+K39+L39+M39+N39) -> 2 | T39: =E39+O39-I39-L39 -> 2 | U39: =F39+P39-J39-M39 -> 0 | V39: =G39+Q39-K39-N39 -> 0 | W39: =IF(MIN(T39,U39,V39)<0,"NEGATIVE STOCK - CHECK ENTRIES","") | X39: 0 | Y39: 0 | Z39: =X39-Y39 -> 0 | AA39: 0 | AB39: 0 | AC39: =AA39-AB39 -> 0 | AD39: 0 | AE39: 0 | AF39: =AD39-AE39 -> 0 | AG39: 0 | AH39: 0 | AI39: =AG39-AH39 -> 0
A40: Bourdais | B40: 100000 | C40: SEED | D40: MASIFIO CUSTOM | E40: 1 | F40: 0 | G40: 0 | H40: =E40+F40+G40 -> 1 | I40: 0 | J40: 0 | K40: 0 | L40: 0 | M40: 0 | N40: 0 | O40: 0 | P40: 0 | Q40: 0 | R40: 0 | S40: =H40+O40+P40+Q40+R40-(I40+J40+K40+L40+M40+N40) -> 1 | T40: =E40+O40-I40-L40 -> 1 | U40: =F40+P40-J40-M40 -> 0 | V40: =G40+Q40-K40-N40 -> 0 | W40: =IF(MIN(T40,U40,V40)<0,"NEGATIVE STOCK - CHECK ENTRIES","") | X40: 0 | Y40: 0 | Z40: =X40-Y40 -> 0 | AA40: 0 | AB40: 0 | AC40: =AA40-AB40 -> 0 | AD40: 0 | AE40: 0 | AF40: =AD40-AE40 -> 0 | AG40: 0 | AH40: 0 | AI40: =AG40-AH40 -> 0
A41: Bravura | B41: 100 | C41: SEED | D41: COMMERCIAL | E41: ='3-july2026'!T41 -> 9 | F41: ='3-july2026'!U41 -> 0 | G41: ='3-july2026'!V41 -> 0 | H41: =E41+F41+G41 -> 9 | I41: 0 | J41: 0 | K41: 0 | L41: 0 | M41: 0 | N41: 0 | O41: 0 | P41: 0 | Q41: 0 | R41: 0 | S41: =H41+O41+P41+Q41+R41-(I41+J41+K41+L41+M41+N41) -> 9 | T41: =E41+O41-I41-L41 -> 9 | U41: =F41+P41-J41-M41 -> 0 | V41: =G41+Q41-K41-N41 -> 0 | W41: =IF(MIN(T41,U41,V41)<0,"NEGATIVE STOCK - CHECK ENTRIES","") | X41: 0 | Y41: 0 | Z41: =X41-Y41 -> 0 | AA41: 0 | AB41: 0 | AC41: =AA41-AB41 -> 0 | AD41: 0 | AE41: 0 | AF41: =AD41-AE41 -> 0 | AG41: 0 | AH41: 0 | AI41: =AG41-AH41 -> 0
A42: Brigitte | B42: 100 | C42: SEED | D42: CUSTOM&TRIAL | E42: 10 | F42: 0 | G42: 0 | H42: =E42+F42+G42 -> 10 | I42: 0 | J42: 0 | K42: 0 | L42: 0 | M42: 0 | N42: 0 | O42: 0 | P42: 0 | Q42: 0 | R42: 0 | S42: =H42+O42+P42+Q42+R42-(I42+J42+K42+L42+M42+N42) -> 10 | T42: =E42+O42-I42-L42 -> 10 | U42: =F42+P42-J42-M42 -> 0 | V42: =G42+Q42-K42-N42 -> 0 | W42: =IF(MIN(T42,U42,V42)<0,"NEGATIVE STOCK - CHECK ENTRIES","") | X42: 0 | Y42: 0 | Z42: =X42-Y42 -> 0 | AA42: 0 | AB42: 0 | AC42: =AA42-AB42 -> 0 | AD42: 0 | AE42: 0 | AF42: =AD42-AE42 -> 0 | AG42: 0 | AH42: 0 | AI42: =AG42-AH42 -> 0
A43: Broccoli TAHOE RZ F3 | B43: 1000 | C43: SEED | D43: COMMERCIAL | E43: ='3-july2026'!T43 -> 70 | F43: ='3-july2026'!U43 -> 142 | G43: ='3-july2026'!V43 -> 5 | H43: =E43+F43+G43 -> 217 | I43: 0 | J43: 0 | K43: 0 | L43: 0 | M43: 0 | N43: 0 | O43: 1 | P43: 0 | Q43: 0 | R43: 0 | S43: =H43+O43+P43+Q43+R43-(I43+J43+K43+L43+M43+N43) -> 218 | T43: =E43+O43-I43-L43 -> 71 | U43: =F43+P43-J43-M43 -> 142 | V43: =G43+Q43-K43-N43 -> 5 | W43: =IF(MIN(T43,U43,V43)<0,"NEGATIVE STOCK - CHECK ENTRIES","") | X43: 0 | Y43: 0 | Z43: =X43-Y43 -> 0 | AA43: 0 | AB43: 0 | AC43: =AA43-AB43 -> 0 | AD43: 0 | AE43: 0 | AF43: =AD43-AE43 -> 0 | AG43: 0 | AH43: 0 | AI43: =AG43-AH43 -> 0
A44: Calazina | B44: 100 | C44: SEED | D44: MASIFIO CUSTOM | E44: 6 | F44: 0 | G44: 0 | H44: =E44+F44+G44 -> 6 | I44: 0 | J44: 0 | K44: 0 | L44: 0 | M44: 0 | N44: 0 | O44: 0 | P44: 0 | Q44: 0 | R44: 0 | S44: =H44+O44+P44+Q44+R44-(I44+J44+K44+L44+M44+N44) -> 6 | T44: =E44+O44-I44-L44 -> 6 | U44: =F44+P44-J44-M44 -> 0 | V44: =G44+Q44-K44-N44 -> 0 | W44: =IF(MIN(T44,U44,V44)<0,"NEGATIVE STOCK - CHECK ENTRIES","") | X44: 0 | Y44: 0 | Z44: =X44-Y44 -> 0 | AA44: 0 | AB44: 0 | AC44: =AA44-AB44 -> 0 | AD44: 0 | AE44: 0 | AF44: =AD44-AE44 -> 0 | AG44: 0 | AH44: 0 | AI44: =AG44-AH44 -> 0
A45: Cantrell | B45: 100000 | C45: SEED | D45: MASIFIO CUSTOM | E45: 2 | F45: 0 | G45: 0 | H45: =E45+F45+G45 -> 2 | I45: 0 | J45: 0 | K45: 0 | L45: 0 | M45: 0 | N45: 0 | O45: 0 | P45: 0 | Q45: 0 | R45: 0 | S45: =H45+O45+P45+Q45+R45-(I45+J45+K45+L45+M45+N45) -> 2 | T45: =E45+O45-I45-L45 -> 2 | U45: =F45+P45-J45-M45 -> 0 | V45: =G45+Q45-K45-N45 -> 0 | W45: =IF(MIN(T45,U45,V45)<0,"NEGATIVE STOCK - CHECK ENTRIES","") | X45: 0 | Y45: 0 | Z45: =X45-Y45 -> 0 | AA45: 0 | AB45: 0 | AC45: =AA45-AB45 -> 0 | AD45: 0 | AE45: 0 | AF45: =AD45-AE45 -> 0 | AG45: 0 | AH45: 0 | AI45: =AG45-AH45 -> 0
A46: Caribbean Gold | B46: 100 | C46: SEED | D46: COMMERCIAL | E46: ='3-july2026'!T46 -> 5 | F46: ='3-july2026'!U46 -> 0 | G46: ='3-july2026'!V46 -> 0 | H46: =E46+F46+G46 -> 5 | I46: 0 | J46: 0 | K46: 0 | L46: 0 | M46: 0 | N46: 0 | O46: 0 | P46: 0 | Q46: 0 | R46: 0 | S46: =H46+O46+P46+Q46+R46-(I46+J46+K46+L46+M46+N46) -> 5 | T46: =E46+O46-I46-L46 -> 5 | U46: =F46+P46-J46-M46 -> 0 | V46: =G46+Q46-K46-N46 -> 0 | W46: =IF(MIN(T46,U46,V46)<0,"NEGATIVE STOCK - CHECK ENTRIES","") | X46: 0 | Y46: 0 | Z46: =X46-Y46 -> 0 | AA46: 0 | AB46: 0 | AC46: =AA46-AB46 -> 0 | AD46: 0 | AE46: 0 | AF46: =AD46-AE46 -> 0 | AG46: 0 | AH46: 0 | AI46: =AG46-AH46 -> 0
A47: Caribbean Gold | B47: 100 | C47: SEED | D47: CUSTOM&TRIAL | E47: 1 | F47: 0 | G47: 0 | H47: =E47+F47+G47 -> 1 | I47: 0 | J47: 0 | K47: 0 | L47: 0 | M47: 0 | N47: 0 | O47: 0 | P47: 0 | Q47: 0 | R47: 0 | S47: =H47+O47+P47+Q47+R47-(I47+J47+K47+L47+M47+N47) -> 1 | T47: =E47+O47-I47-L47 -> 1 | U47: =F47+P47-J47-M47 -> 0 | V47: =G47+Q47-K47-N47 -> 0 | W47: =IF(MIN(T47,U47,V47)<0,"NEGATIVE STOCK - CHECK ENTRIES","") | X47: 0 | Y47: 0 | Z47: =X47-Y47 -> 0 | AA47: 0 | AB47: 0 | AC47: =AA47-AB47 -> 0 | AD47: 0 | AE47: 0 | AF47: =AD47-AE47 -> 0 | AG47: 0 | AH47: 0 | AI47: =AG47-AH47 -> 0
A48: Caribbean king | B48: 100 | C48: SEED | D48: CUSTOM&TRIAL | E48: 1 | F48: 0 | G48: 0 | H48: =E48+F48+G48 -> 1 | I48: 0 | J48: 0 | K48: 0 | L48: 0 | M48: 0 | N48: 0 | O48: 0 | P48: 0 | Q48: 0 | R48: 0 | S48: =H48+O48+P48+Q48+R48-(I48+J48+K48+L48+M48+N48) -> 1 | T48: =E48+O48-I48-L48 -> 1 | U48: =F48+P48-J48-M48 -> 0 | V48: =G48+Q48-K48-N48 -> 0 | W48: =IF(MIN(T48,U48,V48)<0,"NEGATIVE STOCK - CHECK ENTRIES","") | X48: 0 | Y48: 0 | Z48: =X48-Y48 -> 0 | AA48: 0 | AB48: 0 | AC48: =AA48-AB48 -> 0 | AD48: 0 | AE48: 0 | AF48: =AD48-AE48 -> 0 | AG48: 0 | AH48: 0 | AI48: =AG48-AH48 -> 0
A49: Cartegeneous | B49: 1000 | D49: COMMERCIAL | E49: ='3-july2026'!T49 -> 0 | F49: ='3-july2026'!U49 -> 0 | G49: ='3-july2026'!V49 -> 0 | H49: =E49+F49+G49 -> 0 | I49: 0 | J49: 0 | K49: 0 | L49: 0 | M49: 0 | N49: 0 | O49: 0 | P49: 0 | Q49: 0 | R49: 0 | S49: =H49+O49+P49+Q49+R49-(I49+J49+K49+L49+M49+N49) -> 0 | T49: =E49+O49-I49-L49 -> 0 | U49: =F49+P49-J49-M49 -> 0 | V49: =G49+Q49-K49-N49 -> 0 | W49: =IF(MIN(T49,U49,V49)<0,"NEGATIVE STOCK - CHECK ENTRIES","") | X49: 0 | Y49: 0 | Z49: =X49-Y49 -> 0 | AA49: 0 | AB49: 0 | AC49: =AA49-AB49 -> 0 | AD49: 0 | AE49: 0 | AF49: =AD49-AE49 -> 0 | AG49: 0 | AH49: 0 | AI49: =AG49-AH49 -> 0
A50: Cauliflower CASPER RZ F1 | B50: 1000 | C50: SEED | D50: COMMERCIAL | E50: 0 | F50: 0 | G50: 0 | H50: =E50+F50+G50 -> 0 | I50: 0 | J50: 0 | K50: 0 | L50: 0 | M50: 0 | N50: 0 | O50: 0 | P50: 0 | Q50: 0 | R50: 0 | S50: =H50+O50+P50+Q50+R50-(I50+J50+K50+L50+M50+N50) -> 0 | T50: =E50+O50-I50-L50 -> 0 | U50: =F50+P50-J50-M50 -> 0 | V50: =G50+Q50-K50-N50 -> 0 | W50: =IF(MIN(T50,U50,V50)<0,"NEGATIVE STOCK - CHECK ENTRIES","") | X50: 0 | Y50: 0 | Z50: =X50-Y50 -> 0 | AA50: 0 | AB50: 0 | AC50: =AA50-AB50 -> 0 | AD50: 0 | AE50: 0 | AF50: =AD50-AE50 -> 0 | AG50: 0 | AH50: 0 | AI50: =AG50-AH50 -> 0
A51: Cauliflower CASPER RZ F4 | B51: 1000 | C51: SEED | D51: COMMERCIAL | E51: ='3-july2026'!T51 -> 3 | F51: ='3-july2026'!U51 -> 17 | G51: ='3-july2026'!V51 -> 0 | H51: =E51+F51+G51 -> 20 | I51: 0 | J51: 0 | K51: 0 | L51: 0 | M51: 0 | N51: 0 | O51: 0 | P51: 0 | Q51: 0 | R51: 0 | S51: =H51+O51+P51+Q51+R51-(I51+J51+K51+L51+M51+N51) -> 20 | T51: =E51+O51-I51-L51 -> 3 | U51: =F51+P51-J51-M51 -> 17 | V51: =G51+Q51-K51-N51 -> 0 | W51: =IF(MIN(T51,U51,V51)<0,"NEGATIVE STOCK - CHECK ENTRIES","") | X51: 0 | Y51: 0 | Z51: =X51-Y51 -> 0 | AA51: 0 | AB51: 0 | AC51: =AA51-AB51 -> 0 | AD51: 0 | AE51: 0 | AF51: =AD51-AE51 -> 0 | AG51: 0 | AH51: 0 | AI51: =AG51-AH51 -> 0
A52: Cauliflower MONEERA RZ F4 | B52: 1000 | C52: SEED | D52: COMMERCIAL | E52: ='3-july2026'!T52 -> 5 | F52: ='3-july2026'!U52 -> 1 | G52: ='3-july2026'!V52 -> 2 | H52: =E52+F52+G52 -> 8 | I52: 0 | J52: 0 | K52: 0 | L52: 0 | M52: 0 | N52: 0 | O52: 0 | P52: 0 | Q52: 0 | R52: 0 | S52: =H52+O52+P52+Q52+R52-(I52+J52+K52+L52+M52+N52) -> 8 | T52: =E52+O52-I52-L52 -> 5 | U52: =F52+P52-J52-M52 -> 1 | V52: =G52+Q52-K52-N52 -> 2 | W52: =IF(MIN(T52,U52,V52)<0,"NEGATIVE STOCK - CHECK ENTRIES","") | X52: 0 | Y52: 0 | Z52: =X52-Y52 -> 0 | AA52: 0 | AB52: 0 | AC52: =AA52-AB52 -> 0 | AD52: 0 | AE52: 0 | AF52: =AD52-AE52 -> 0 | AG52: 0 | AH52: 0 | AI52: =AG52-AH52 -> 0
A53: Chromis | B53: 100 | C53: SEED | D53: MASIFIO CUSTOM | E53: 3 | F53: 0 | G53: 0 | H53: =E53+F53+G53 -> 3 | I53: 0 | J53: 0 | K53: 0 | L53: 0 | M53: 0 | N53: 0 | O53: 0 | P53: 0 | Q53: 0 | R53: 0 | S53: =H53+O53+P53+Q53+R53-(I53+J53+K53+L53+M53+N53) -> 3 | T53: =E53+O53-I53-L53 -> 3 | U53: =F53+P53-J53-M53 -> 0 | V53: =G53+Q53-K53-N53 -> 0 | W53: =IF(MIN(T53,U53,V53)<0,"NEGATIVE STOCK - CHECK ENTRIES","") | X53: 0 | Y53: 0 | Z53: =X53-Y53 -> 0 | AA53: 0 | AB53: 0 | AC53: =AA53-AB53 -> 0 | AD53: 0 | AE53: 0 | AF53: =AD53-AE53 -> 0 | AG53: 0 | AH53: 0 | AI53: =AG53-AH53 -> 0
A54: Codex | B54: 1000 | C54: SEED | D54: MASIFIO CUSTOM | E54: 7 | F54: 0 | G54: 0 | H54: =E54+F54+G54 -> 7 | I54: 0 | J54: 0 | K54: 0 | L54: 0 | M54: 0 | N54: 0 | O54: 0 | P54: 0 | Q54: 0 | R54: 0 | S54: =H54+O54+P54+Q54+R54-(I54+J54+K54+L54+M54+N54) -> 7 | T54: =E54+O54-I54-L54 -> 7 | U54: =F54+P54-J54-M54 -> 0 | V54: =G54+Q54-K54-N54 -> 0 | W54: =IF(MIN(T54,U54,V54)<0,"NEGATIVE STOCK - CHECK ENTRIES","") | X54: 0 | Y54: 0 | Z54: =X54-Y54 -> 0 | AA54: 0 | AB54: 0 | AC54: =AA54-AB54 -> 0 | AD54: 0 | AE54: 0 | AF54: =AD54-AE54 -> 0 | AG54: 0 | AH54: 0 | AI54: =AG54-AH54 -> 0
A55: concorde | B55: 5000 | C55: SEED | D55: CUSTOM&TRIAL | E55: 1 | F55: 0 | G55: 0 | H55: =E55+F55+G55 -> 1 | I55: 0 | J55: 0 | K55: 0 | L55: 0 | M55: 0 | N55: 0 | O55: 0 | P55: 0 | Q55: 0 | R55: 0 | S55: =H55+O55+P55+Q55+R55-(I55+J55+K55+L55+M55+N55) -> 1 | T55: =E55+O55-I55-L55 -> 1 | U55: =F55+P55-J55-M55 -> 0 | V55: =G55+Q55-K55-N55 -> 0 | W55: =IF(MIN(T55,U55,V55)<0,"NEGATIVE STOCK - CHECK ENTRIES","") | X55: 0 | Y55: 0 | Z55: =X55-Y55 -> 0 | AA55: 0 | AB55: 0 | AC55: =AA55-AB55 -> 0 | AD55: 0 | AE55: 0 | AF55: =AD55-AE55 -> 0 | AG55: 0 | AH55: 0 | AI55: =AG55-AH55 -> 0
A56: cook | B56: 1000 | C56: SEED | D56: MASIFIO CUSTOM | E56: 1 | F56: 0 | G56: 0 | H56: =E56+F56+G56 -> 1 | I56: 0 | J56: 0 | K56: 0 | L56: 0 | M56: 0 | N56: 0 | O56: 0 | P56: 0 | Q56: 0 | R56: 0 | S56: =H56+O56+P56+Q56+R56-(I56+J56+K56+L56+M56+N56) -> 1 | T56: =E56+O56-I56-L56 -> 1 | U56: =F56+P56-J56-M56 -> 0 | V56: =G56+Q56-K56-N56 -> 0 | W56: =IF(MIN(T56,U56,V56)<0,"NEGATIVE STOCK - CHECK ENTRIES","") | X56: 0 | Y56: 0 | Z56: =X56-Y56 -> 0 | AA56: 0 | AB56: 0 | AC56: =AA56-AB56 -> 0 | AD56: 0 | AE56: 0 | AF56: =AD56-AE56 -> 0 | AG56: 0 | AH56: 0 | AI56: =AG56-AH56 -> 0
A57: Cos lettuce MAXIMUS RZ | B57: 1000 | C57: SEED | D57: COMMERCIAL | E57: ='3-july2026'!T57 -> 0 | F57: ='3-july2026'!U57 -> 2 | G57: ='3-july2026'!V57 -> 0 | H57: =E57+F57+G57 -> 2 | I57: 0 | J57: 0 | K57: 0 | L57: 0 | M57: 0 | N57: 0 | O57: 0 | P57: 0 | Q57: 0 | R57: 0 | S57: =H57+O57+P57+Q57+R57-(I57+J57+K57+L57+M57+N57) -> 2 | T57: =E57+O57-I57-L57 -> 0 | U57: =F57+P57-J57-M57 -> 2 | V57: =G57+Q57-K57-N57 -> 0 | W57: =IF(MIN(T57,U57,V57)<0,"NEGATIVE STOCK - CHECK ENTRIES","") | X57: 0 | Y57: 0 | Z57: =X57-Y57 -> 0 | AA57: 0 | AB57: 0 | AC57: =AA57-AB57 -> 0 | AD57: 0 | AE57: 0 | AF57: =AD57-AE57 -> 0 | AG57: 0 | AH57: 0 | AI57: =AG57-AH57 -> 0
A58: Coulthard | B58: 100000 | C58: SEED | D58: MASIFIO CUSTOM | E58: 2 | F58: 0 | G58: 0 | H58: =E58+F58+G58 -> 2 | I58: 0 | J58: 0 | K58: 0 | L58: 0 | M58: 0 | N58: 0 | O58: 0 | P58: 0 | Q58: 0 | R58: 0 | S58: =H58+O58+P58+Q58+R58-(I58+J58+K58+L58+M58+N58) -> 2 | T58: =E58+O58-I58-L58 -> 2 | U58: =F58+P58-J58-M58 -> 0 | V58: =G58+Q58-K58-N58 -> 0 | W58: =IF(MIN(T58,U58,V58)<0,"NEGATIVE STOCK - CHECK ENTRIES","") | X58: 0 | Y58: 0 | Z58: =X58-Y58 -> 0 | AA58: 0 | AB58: 0 | AC58: =AA58-AB58 -> 0 | AD58: 0 | AE58: 0 | AF58: =AD58-AE58 -> 0 | AG58: 0 | AH58: 0 | AI58: =AG58-AH58 -> 0
A59: Cucumber LARINO RZ F1 | B59: 100 | C59: SEED | D59: COMMERCIAL | E59: ='3-july2026'!T59 -> 0 | F59: ='3-july2026'!U59 -> 0 | G59: ='3-july2026'!V59 -> 6 | H59: =E59+F59+G59 -> 6 | I59: 0 | J59: 0 | K59: 0 | L59: 0 | M59: 0 | N59: 0 | O59: 0 | P59: 0 | Q59: 0 | R59: 0 | S59: =H59+O59+P59+Q59+R59-(I59+J59+K59+L59+M59+N59) -> 6 | T59: =E59+O59-I59-L59 -> 0 | U59: =F59+P59-J59-M59 -> 0 | V59: =G59+Q59-K59-N59 -> 6 | W59: =IF(MIN(T59,U59,V59)<0,"NEGATIVE STOCK - CHECK ENTRIES","") | X59: 0 | Y59: 0 | Z59: =X59-Y59 -> 0 | AA59: 0 | AB59: 0 | AC59: =AA59-AB59 -> 0 | AD59: 0 | AE59: 0 | AF59: =AD59-AE59 -> 0 | AG59: 0 | AH59: 0 | AI59: =AG59-AH59 -> 0
A60: Daywalt | B60: 100000 | C60: SEED | D60: MASIFIO CUSTOM | E60: 5 | F60: 0 | G60: 0 | H60: =E60+F60+G60 -> 5 | I60: 0 | J60: 0 | K60: 0 | L60: 0 | M60: 0 | N60: 0 | O60: 0 | P60: 0 | Q60: 0 | R60: 0 | S60: =H60+O60+P60+Q60+R60-(I60+J60+K60+L60+M60+N60) -> 5 | T60: =E60+O60-I60-L60 -> 5 | U60: =F60+P60-J60-M60 -> 0 | V60: =G60+Q60-K60-N60 -> 0 | W60: =IF(MIN(T60,U60,V60)<0,"NEGATIVE STOCK - CHECK ENTRIES","") | X60: 0 | Y60: 0 | Z60: =X60-Y60 -> 0 | AA60: 0 | AB60: 0 | AC60: =AA60-AB60 -> 0 | AD60: 0 | AE60: 0 | AF60: =AD60-AE60 -> 0 | AG60: 0 | AH60: 0 | AI60: =AG60-AH60 -> 0
A61: Diapson | B61: 100 | C61: SEED | D61: MASIFIO CUSTOM | E61: 3 | F61: 0 | G61: 0 | H61: =E61+F61+G61 -> 3 | I61: 0 | J61: 0 | K61: 0 | L61: 0 | M61: 0 | N61: 0 | O61: 0 | P61: 0 | Q61: 0 | R61: 0 | S61: =H61+O61+P61+Q61+R61-(I61+J61+K61+L61+M61+N61) -> 3 | T61: =E61+O61-I61-L61 -> 3 | U61: =F61+P61-J61-M61 -> 0 | V61: =G61+Q61-K61-N61 -> 0 | W61: =IF(MIN(T61,U61,V61)<0,"NEGATIVE STOCK - CHECK ENTRIES","") | X61: 0 | Y61: 0 | Z61: =X61-Y61 -> 0 | AA61: 0 | AB61: 0 | AC61: =AA61-AB61 -> 0 | AD61: 0 | AE61: 0 | AF61: =AD61-AE61 -> 0 | AG61: 0 | AH61: 0 | AI61: =AG61-AH61 -> 0
A62: DRIP KIT DK500-G | B62: 0 | C62: IRRIGATION | D62: COMMERCIAL | E62: 0 | F62: 0 | G62: 0 | H62: =E62+F62+G62 -> 0 | I62: 0 | J62: 0 | K62: 0 | L62: 0 | M62: 0 | N62: 0 | O62: 0 | P62: 0 | Q62: 0 | R62: 0 | S62: =H62+O62+P62+Q62+R62-(I62+J62+K62+L62+M62+N62) -> 0 | T62: =E62+O62-I62-L62 -> 0 | U62: =F62+P62-J62-M62 -> 0 | V62: =G62+Q62-K62-N62 -> 0 | W62: =IF(MIN(T62,U62,V62)<0,"NEGATIVE STOCK - CHECK ENTRIES","") | X62: 0 | Y62: 0 | Z62: =X62-Y62 -> 0 | AA62: 0 | AB62: 0 | AC62: =AA62-AB62 -> 0 | AD62: 0 | AE62: 0 | AF62: =AD62-AE62 -> 0 | AG62: 0 | AH62: 0 | AI62: =AG62-AH62 -> 0
A63: Exact | B63: 1000 | C63: SEED | D63: MASIFIO CUSTOM | E63: 3 | F63: 0 | G63: 0 | H63: =E63+F63+G63 -> 3 | I63: 0 | J63: 0 | K63: 0 | L63: 0 | M63: 0 | N63: 0 | O63: 0 | P63: 0 | Q63: 0 | R63: 0 | S63: =H63+O63+P63+Q63+R63-(I63+J63+K63+L63+M63+N63) -> 3 | T63: =E63+O63-I63-L63 -> 3 | U63: =F63+P63-J63-M63 -> 0 | V63: =G63+Q63-K63-N63 -> 0 | W63: =IF(MIN(T63,U63,V63)<0,"NEGATIVE STOCK - CHECK ENTRIES","") | X63: 0 | Y63: 0 | Z63: =X63-Y63 -> 0 | AA63: 0 | AB63: 0 | AC63: =AA63-AB63 -> 0 | AD63: 0 | AE63: 0 | AF63: =AD63-AE63 -> 0 | AG63: 0 | AH63: 0 | AI63: =AG63-AH63 -> 0
A64: excentric | B64: 1000 | C64: SEED | D64: MASIFIO CUSTOM | E64: 2 | F64: 0 | G64: 0 | H64: =E64+F64+G64 -> 2 | I64: 0 | J64: 0 | K64: 0 | L64: 0 | M64: 0 | N64: 0 | O64: 0 | P64: 0 | Q64: 0 | R64: 0 | S64: =H64+O64+P64+Q64+R64-(I64+J64+K64+L64+M64+N64) -> 2 | T64: =E64+O64-I64-L64 -> 2 | U64: =F64+P64-J64-M64 -> 0 | V64: =G64+Q64-K64-N64 -> 0 | W64: =IF(MIN(T64,U64,V64)<0,"NEGATIVE STOCK - CHECK ENTRIES","") | X64: 0 | Y64: 0 | Z64: =X64-Y64 -> 0 | AA64: 0 | AB64: 0 | AC64: =AA64-AB64 -> 0 | AD64: 0 | AE64: 0 | AF64: =AD64-AE64 -> 0 | AG64: 0 | AH64: 0 | AI64: =AG64-AH64 -> 0
A65: Excurcus | B65: 1000 | C65: SEED | D65: MASIFIO CUSTOM | E65: 4 | F65: 0 | G65: 0 | H65: =E65+F65+G65 -> 4 | I65: 0 | J65: 0 | K65: 0 | L65: 0 | M65: 0 | N65: 0 | O65: 0 | P65: 0 | Q65: 0 | R65: 0 | S65: =H65+O65+P65+Q65+R65-(I65+J65+K65+L65+M65+N65) -> 4 | T65: =E65+O65-I65-L65 -> 4 | U65: =F65+P65-J65-M65 -> 0 | V65: =G65+Q65-K65-N65 -> 0 | W65: =IF(MIN(T65,U65,V65)<0,"NEGATIVE STOCK - CHECK ENTRIES","") | X65: 0 | Y65: 0 | Z65: =X65-Y65 -> 0 | AA65: 0 | AB65: 0 | AC65: =AA65-AB65 -> 0 | AD65: 0 | AE65: 0 | AF65: =AD65-AE65 -> 0 | AG65: 0 | AH65: 0 | AI65: =AG65-AH65 -> 0
A66: fantastic | B66: 100 | C66: SEED | D66: CUSTOM&TRIAL | E66: 4 | F66: 0 | G66: 0 | H66: =E66+F66+G66 -> 4 | I66: 0 | J66: 0 | K66: 0 | L66: 0 | M66: 0 | N66: 0 | O66: 0 | P66: 0 | Q66: 0 | R66: 0 | S66: =H66+O66+P66+Q66+R66-(I66+J66+K66+L66+M66+N66) -> 4 | T66: =E66+O66-I66-L66 -> 4 | U66: =F66+P66-J66-M66 -> 0 | V66: =G66+Q66-K66-N66 -> 0 | W66: =IF(MIN(T66,U66,V66)<0,"NEGATIVE STOCK - CHECK ENTRIES","") | X66: 0 | Y66: 0 | Z66: =X66-Y66 -> 0 | AA66: 0 | AB66: 0 | AC66: =AA66-AB66 -> 0 | AD66: 0 | AE66: 0 | AF66: =AD66-AE66 -> 0 | AG66: 0 | AH66: 0 | AI66: =AG66-AH66 -> 0
A67: Fennel BOELLI | B67: 1000 | C67: SEED | D67: COMMERCIAL | E67: ='3-july2026'!T67 -> 2 | F67: ='3-july2026'!U67 -> 0 | G67: ='3-july2026'!V67 -> 0 | H67: =E67+F67+G67 -> 2 | I67: 0 | J67: 0 | K67: 0 | L67: 0 | M67: 0 | N67: 0 | O67: 0 | P67: 0 | Q67: 0 | R67: 0 | S67: =H67+O67+P67+Q67+R67-(I67+J67+K67+L67+M67+N67) -> 2 | T67: =E67+O67-I67-L67 -> 2 | U67: =F67+P67-J67-M67 -> 0 | V67: =G67+Q67-K67-N67 -> 0 | W67: =IF(MIN(T67,U67,V67)<0,"NEGATIVE STOCK - CHECK ENTRIES","") | X67: 0 | Y67: 0 | Z67: =X67-Y67 -> 0 | AA67: 0 | AB67: 0 | AC67: =AA67-AB67 -> 0 | AD67: 0 | AE67: 0 | AF67: =AD67-AE67 -> 0 | AG67: 0 | AH67: 0 | AI67: =AG67-AH67 -> 0
A68: Floccus | B68: 5000 | C68: SEED | D68: MASIFIO CUSTOM | E68: 1 | F68: 0 | G68: 0 | H68: =E68+F68+G68 -> 1 | I68: 0 | J68: 0 | K68: 0 | L68: 0 | M68: 0 | N68: 0 | O68: 0 | P68: 0 | Q68: 0 | R68: 0 | S68: =H68+O68+P68+Q68+R68-(I68+J68+K68+L68+M68+N68) -> 1 | T68: =E68+O68-I68-L68 -> 1 | U68: =F68+P68-J68-M68 -> 0 | V68: =G68+Q68-K68-N68 -> 0 | W68: =IF(MIN(T68,U68,V68)<0,"NEGATIVE STOCK - CHECK ENTRIES","") | X68: 0 | Y68: 0 | Z68: =X68-Y68 -> 0 | AA68: 0 | AB68: 0 | AC68: =AA68-AB68 -> 0 | AD68: 0 | AE68: 0 | AF68: =AD68-AE68 -> 0 | AG68: 0 | AH68: 0 | AI68: =AG68-AH68 -> 0
A69: Gamhar | B69: 100 | C69: SEED | D69: CUSTOM&TRIAL | E69: 10 | F69: 0 | G69: 0 | H69: =E69+F69+G69 -> 10 | I69: 0 | J69: 0 | K69: 0 | L69: 0 | M69: 0 | N69: 0 | O69: 0 | P69: 0 | Q69: 0 | R69: 0 | S69: =H69+O69+P69+Q69+R69-(I69+J69+K69+L69+M69+N69) -> 10 | T69: =E69+O69-I69-L69 -> 10 | U69: =F69+P69-J69-M69 -> 0 | V69: =G69+Q69-K69-N69 -> 0 | W69: =IF(MIN(T69,U69,V69)<0,"NEGATIVE STOCK - CHECK ENTRIES","") | X69: 0 | Y69: 0 | Z69: =X69-Y69 -> 0 | AA69: 0 | AB69: 0 | AC69: =AA69-AB69 -> 0 | AD69: 0 | AE69: 0 | AF69: =AD69-AE69 -> 0 | AG69: 0 | AH69: 0 | AI69: =AG69-AH69 -> 0
A70: Gibbard | B70: 5000 | C70: SEED | D70: MASIFIO CUSTOM | E70: 3 | F70: 0 | G70: 0 | H70: =E70+F70+G70 -> 3 | I70: 0 | J70: 0 | K70: 0 | L70: 0 | M70: 0 | N70: 0 | O70: 0 | P70: 0 | Q70: 0 | R70: 0 | S70: =H70+O70+P70+Q70+R70-(I70+J70+K70+L70+M70+N70) -> 3 | T70: =E70+O70-I70-L70 -> 3 | U70: =F70+P70-J70-M70 -> 0 | V70: =G70+Q70-K70-N70 -> 0 | W70: =IF(MIN(T70,U70,V70)<0,"NEGATIVE STOCK - CHECK ENTRIES","") | X70: 0 | Y70: 0 | Z70: =X70-Y70 -> 0 | AA70: 0 | AB70: 0 | AC70: =AA70-AB70 -> 0 | AD70: 0 | AE70: 0 | AF70: =AD70-AE70 -> 0 | AG70: 0 | AH70: 0 | AI70: =AG70-AH70 -> 0
A71: Gimli | B71: 100 | C71: SEED | D71: MASIFIO CUSTOM | E71: 2 | F71: 0 | G71: 0 | H71: =E71+F71+G71 -> 2 | I71: 0 | J71: 0 | K71: 0 | L71: 0 | M71: 0 | N71: 0 | O71: 0 | P71: 0 | Q71: 0 | R71: 0 | S71: =H71+O71+P71+Q71+R71-(I71+J71+K71+L71+M71+N71) -> 2 | T71: =E71+O71-I71-L71 -> 2 | U71: =F71+P71-J71-M71 -> 0 | V71: =G71+Q71-K71-N71 -> 0 | W71: =IF(MIN(T71,U71,V71)<0,"NEGATIVE STOCK - CHECK ENTRIES","") | X71: 0 | Y71: 0 | Z71: =X71-Y71 -> 0 | AA71: 0 | AB71: 0 | AC71: =AA71-AB71 -> 0 | AD71: 0 | AE71: 0 | AF71: =AD71-AE71 -> 0 | AG71: 0 | AH71: 0 | AI71: =AG71-AH71 -> 0
A72: Gladial | B72: 100 | C72: SEED | D72: CUSTOM&TRIAL | E72: 2 | F72: 0 | G72: 0 | H72: =E72+F72+G72 -> 2 | I72: 0 | J72: 0 | K72: 0 | L72: 0 | M72: 0 | N72: 0 | O72: 0 | P72: 0 | Q72: 0 | R72: 0 | S72: =H72+O72+P72+Q72+R72-(I72+J72+K72+L72+M72+N72) -> 2 | T72: =E72+O72-I72-L72 -> 2 | U72: =F72+P72-J72-M72 -> 0 | V72: =G72+Q72-K72-N72 -> 0 | W72: =IF(MIN(T72,U72,V72)<0,"NEGATIVE STOCK - CHECK ENTRIES","") | X72: 0 | Y72: 0 | Z72: =X72-Y72 -> 0 | AA72: 0 | AB72: 0 | AC72: =AA72-AB72 -> 0 | AD72: 0 | AE72: 0 | AF72: =AD72-AE72 -> 0 | AG72: 0 | AH72: 0 | AI72: =AG72-AH72 -> 0
A73: Gourami | B73: 100 | C73: SEED | D73: MASIFIO CUSTOM | E73: 5 | F73: 0 | G73: 0 | H73: =E73+F73+G73 -> 5 | I73: 0 | J73: 0 | K73: 0 | L73: 0 | M73: 0 | N73: 0 | O73: 0 | P73: 0 | Q73: 0 | R73: 0 | S73: =H73+O73+P73+Q73+R73-(I73+J73+K73+L73+M73+N73) -> 5 | T73: =E73+O73-I73-L73 -> 5 | U73: =F73+P73-J73-M73 -> 0 | V73: =G73+Q73-K73-N73 -> 0 | W73: =IF(MIN(T73,U73,V73)<0,"NEGATIVE STOCK - CHECK ENTRIES","") | X73: 0 | Y73: 0 | Z73: =X73-Y73 -> 0 | AA73: 0 | AB73: 0 | AC73: =AA73-AB73 -> 0 | AD73: 0 | AE73: 0 | AF73: =AD73-AE73 -> 0 | AG73: 0 | AH73: 0 | AI73: =AG73-AH73 -> 0
A74: grecale | B74: 1000 | C74: SEED | D74: MASIFIO CUSTOM | E74: 2 | F74: 0 | G74: 0 | H74: =E74+F74+G74 -> 2 | I74: 0 | J74: 0 | K74: 0 | L74: 0 | M74: 0 | N74: 0 | O74: 0 | P74: 0 | Q74: 0 | R74: 0 | S74: =H74+O74+P74+Q74+R74-(I74+J74+K74+L74+M74+N74) -> 2 | T74: =E74+O74-I74-L74 -> 2 | U74: =F74+P74-J74-M74 -> 0 | V74: =G74+Q74-K74-N74 -> 0 | W74: =IF(MIN(T74,U74,V74)<0,"NEGATIVE STOCK - CHECK ENTRIES","") | X74: 0 | Y74: 0 | Z74: =X74-Y74 -> 0 | AA74: 0 | AB74: 0 | AC74: =AA74-AB74 -> 0 | AD74: 0 | AE74: 0 | AF74: =AD74-AE74 -> 0 | AG74: 0 | AH74: 0 | AI74: =AG74-AH74 -> 0
A75: GREEN HOUSE | B75: NOT COMPLETE | C75: GREEN HOUSE | D75: COMMERCIAL | E75: 1 | F75: 0 | G75: 0 | H75: =E75+F75+G75 -> 1 | I75: 0 | J75: 0 | K75: 0 | L75: 0 | M75: 0 | N75: 0 | O75: 0 | P75: 0 | Q75: 0 | R75: 0 | S75: =H75+O75+P75+Q75+R75-(I75+J75+K75+L75+M75+N75) -> 1 | T75: =E75+O75-I75-L75 -> 1 | U75: =F75+P75-J75-M75 -> 0 | V75: =G75+Q75-K75-N75 -> 0 | W75: =IF(MIN(T75,U75,V75)<0,"NEGATIVE STOCK - CHECK ENTRIES","") | X75: 0 | Y75: 0 | Z75: =X75-Y75 -> 0 | AA75: 0 | AB75: 0 | AC75: =AA75-AB75 -> 0 | AD75: 0 | AE75: 0 | AF75: =AD75-AE75 -> 0 | AG75: 0 | AH75: 0 | AI75: =AG75-AH75 -> 0
A76: Hazleton | B76: 1000 | C76: SEED | D76: MASIFIO CUSTOM | E76: 4 | F76: 0 | G76: 0 | H76: =E76+F76+G76 -> 4 | I76: 0 | J76: 0 | K76: 0 | L76: 0 | M76: 0 | N76: 0 | O76: 0 | P76: 0 | Q76: 0 | R76: 0 | S76: =H76+O76+P76+Q76+R76-(I76+J76+K76+L76+M76+N76) -> 4 | T76: =E76+O76-I76-L76 -> 4 | U76: =F76+P76-J76-M76 -> 0 | V76: =G76+Q76-K76-N76 -> 0 | W76: =IF(MIN(T76,U76,V76)<0,"NEGATIVE STOCK - CHECK ENTRIES","") | X76: 0 | Y76: 0 | Z76: =X76-Y76 -> 0 | AA76: 0 | AB76: 0 | AC76: =AA76-AB76 -> 0 | AD76: 0 | AE76: 0 | AF76: =AD76-AE76 -> 0 | AG76: 0 | AH76: 0 | AI76: =AG76-AH76 -> 0
A77: Hilbert | B77: 1000 | C77: SEED | D77: MASIFIO CUSTOM | E77: 4 | F77: 0 | G77: 0 | H77: =E77+F77+G77 -> 4 | I77: 0 | J77: 0 | K77: 0 | L77: 0 | M77: 0 | N77: 0 | O77: 0 | P77: 0 | Q77: 0 | R77: 0 | S77: =H77+O77+P77+Q77+R77-(I77+J77+K77+L77+M77+N77) -> 4 | T77: =E77+O77-I77-L77 -> 4 | U77: =F77+P77-J77-M77 -> 0 | V77: =G77+Q77-K77-N77 -> 0 | W77: =IF(MIN(T77,U77,V77)<0,"NEGATIVE STOCK - CHECK ENTRIES","") | X77: 0 | Y77: 0 | Z77: =X77-Y77 -> 0 | AA77: 0 | AB77: 0 | AC77: =AA77-AB77 -> 0 | AD77: 0 | AE77: 0 | AF77: =AD77-AE77 -> 0 | AG77: 0 | AH77: 0 | AI77: =AG77-AH77 -> 0
